timestamp,open,high,low,close,volume
2022-05-23 08:00:00,30457.01,30616.18,30281.89,30397.11,7605.66272
2022-05-23 12:00:00,30397.12,30625.98,29967.07,30373.53,14417.80135
2022-05-23 16:00:00,30373.53,30529.9,29078.3,29089.9,15772.92063
2022-05-23 20:00:00,29089.91,29499.03,28866.35,29109.15,13879.71722
2022-05-24 00:00:00,29109.14,29326.74,29056.7,29299.92,5773.6321
2022-05-24 04:00:00,29299.91,29439.26,29241.61,29404.55,5764.22285
2022-05-24 08:00:00,29404.54,29430.83,29123.89,29295.74,6631.70627
2022-05-24 12:00:00,29295.75,29650.0,28669.0,29382.31,20365.04234
2022-05-24 16:00:00,29382.32,29593.77,29101.0,29391.62,13727.57884
2022-05-24 20:00:00,29391.62,29845.86,29250.22,29654.58,7180.77796
2022-05-25 00:00:00,29654.58,30222.87,29557.36,30198.09,8159.40197
2022-05-25 04:00:00,30198.09,30223.74,29666.67,29701.46,7905.03946
2022-05-25 08:00:00,29701.47,29941.41,29294.21,29409.01,10798.23324
2022-05-25 12:00:00,29409.01,29909.0,29339.57,29629.36,13674.47718
2022-05-25 16:00:00,29629.35,30034.37,29430.54,29599.1,13993.95421
2022-05-25 20:00:00,29599.1,29880.0,29537.31,29542.15,5006.28053
2022-05-26 00:00:00,29542.14,29886.64,29503.72,29837.16,5231.18106
2022-05-26 04:00:00,29837.16,29876.72,29337.77,29733.7,7138.02023
2022-05-26 08:00:00,29733.71,29744.25,28877.0,28998.4,21360.66888
2022-05-26 12:00:00,28998.4,29495.0,28019.56,29393.1,41367.2334
2022-05-26 16:00:00,29393.1,29787.69,29370.0,29379.76,11893.16434
2022-05-26 20:00:00,29379.76,29682.84,29174.0,29201.35,7591.38672
2022-05-27 00:00:00,29201.35,29390.34,28840.39,29020.01,13165.63475
2022-05-27 04:00:00,29020.01,29214.0,28643.89,28992.99,21666.53837
2022-05-27 08:00:00,28993.0,29142.75,28779.4,28912.96,10946.10064
2022-05-27 12:00:00,28912.95,29397.66,28639.26,28850.45,17215.53641
2022-05-27 16:00:00,28850.46,29056.0,28282.9,28880.0,19660.36734
2022-05-27 20:00:00,28880.0,29025.0,28504.64,28629.8,8344.34259
2022-05-28 00:00:00,28629.81,28854.05,28450.0,28819.2,10726.29911
2022-05-28 04:00:00,28819.2,28949.39,28754.4,28885.72,5425.50965
2022-05-28 08:00:00,28885.71,28930.81,28766.68,28828.02,4650.67646
2022-05-28 12:00:00,28828.02,29266.0,28795.78,28988.21,6640.83535
2022-05-28 16:00:00,28988.2,29067.01,28784.48,29019.82,4588.37099
2022-05-28 20:00:00,29019.81,29154.61,28960.0,29031.33,2447.65971
2022-05-29 00:00:00,29031.33,29045.34,28839.21,28984.32,3673.31893
2022-05-29 04:00:00,28984.31,29060.32,28914.96,29008.35,2073.83703
2022-05-29 08:00:00,29008.35,29235.76,28952.7,29213.85,6053.35031
2022-05-29 12:00:00,29213.85,29489.0,29166.51,29215.98,6818.97968
2022-05-29 16:00:00,29215.97,29355.5,29077.98,29126.41,3546.51415
2022-05-29 20:00:00,29126.4,29587.78,29091.67,29468.1,5401.34754
2022-05-30 00:00:00,29468.1,30400.0,29299.62,30353.07,14864.36484
2022-05-30 04:00:00,30353.07,30928.71,30236.55,30636.12,15267.9168
2022-05-30 08:00:00,30636.12,30765.09,30556.63,30665.37,9351.67469
2022-05-30 12:00:00,30665.38,30931.0,30269.22,30634.08,13532.67809
2022-05-30 16:00:00,30634.08,30878.1,30566.54,30643.11,8446.82356
2022-05-30 20:00:00,30643.1,32222.0,30500.0,31734.22,35322.48962
2022-05-31 00:00:00,31734.23,31861.55,31440.52,31772.82,10716.88391
2022-05-31 04:00:00,31772.81,31800.67,31434.66,31573.77,6910.36728
2022-05-31 08:00:00,31573.76,31842.69,31496.09,31767.0,7210.98946
2022-05-31 12:00:00,31766.99,32181.37,31200.01,32058.53,16731.66275
2022-05-31 16:00:00,32058.52,32399.0,31570.53,31625.71,15969.57927
2022-05-31 20:00:00,31625.71,31936.5,31584.29,31801.04,4893.63365
2022-06-01 00:00:00,31801.05,31982.97,31614.01,31627.3,7102.39992
2022-06-01 04:00:00,31627.29,31670.0,31371.45,31482.43,6574.53904
2022-06-01 08:00:00,31482.42,31709.99,31444.0,31609.16,6997.0161
2022-06-01 12:00:00,31609.15,31901.34,30600.0,30742.59,23609.03186
2022-06-01 16:00:00,30742.59,30744.19,29901.29,30126.72,37935.29665
2022-06-01 20:00:00,30126.71,30162.44,29301.0,29805.83,21177.35025
2022-06-02 00:00:00,29805.84,29903.74,29594.55,29730.12,7552.00044
2022-06-02 04:00:00,29730.12,30123.35,29650.93,29968.26,6794.72045
2022-06-02 08:00:00,29968.27,30210.18,29865.0,30173.67,7351.9181
2022-06-02 12:00:00,30173.66,30387.84,29597.01,30212.73,19579.71813
2022-06-02 16:00:00,30212.73,30408.54,29977.45,30293.01,8583.25866
2022-06-02 20:00:00,30293.0,30689.0,30235.7,30452.62,7099.8135
2022-06-03 00:00:00,30452.63,30699.0,30359.54,30529.96,6044.163
2022-06-03 04:00:00,30529.96,30561.32,30282.29,30443.74,5085.36997
2022-06-03 08:00:00,30443.7,30529.07,29680.0,29758.19,12081.75588
2022-06-03 12:00:00,29758.2,29889.49,29282.36,29506.24,19780.91534
2022-06-03 16:00:00,29506.25,29677.14,29401.0,29572.52,6764.37741
2022-06-03 20:00:00,29572.52,29887.56,29558.3,29700.21,4310.86567
2022-06-04 00:00:00,29700.21,29763.35,29500.0,29560.12,5453.61
2022-06-04 04:00:00,29560.12,29734.49,29546.78,29700.96,3043.03475
2022-06-04 08:00:00,29700.96,29800.0,29594.91,29681.69,3438.0592
2022-06-04 12:00:00,29681.68,29988.88,29485.0,29858.8,6382.77896
2022-06-04 16:00:00,29858.79,29858.8,29613.26,29655.41,3660.1238
2022-06-04 20:00:00,29655.41,29977.99,29632.05,29864.04,3640.29442
2022-06-05 00:00:00,29864.03,29897.18,29678.5,29766.95,2712.02508
2022-06-05 04:00:00,29766.95,29819.85,29645.67,29645.67,2129.49304
2022-06-05 08:00:00,29645.68,29742.13,29531.42,29718.69,2988.06008
2022-06-05 12:00:00,29718.69,29981.0,29626.65,29972.22,3680.643
2022-06-05 16:00:00,29972.23,30189.0,29761.0,30049.86,6667.26436
2022-06-05 20:00:00,30049.85,30127.47,29815.75,29919.21,4962.44254
2022-06-06 00:00:00,29919.2,31276.87,29890.23,31251.0,18199.91513
2022-06-06 04:00:00,31250.99,31434.75,31148.43,31292.77,9173.23629
2022-06-06 08:00:00,31292.76,31599.37,31281.0,31396.71,9233.32765
2022-06-06 12:00:00,31396.72,31765.64,31162.55,31541.42,16667.66655
2022-06-06 16:00:00,31541.41,31555.75,31000.01,31470.72,10469.56476
2022-06-06 20:00:00,31470.72,31599.85,31272.39,31373.1,5093.21418
2022-06-07 00:00:00,31373.1,31381.03,29218.96,29563.62,34125.65523
2022-06-07 04:00:00,29563.61,29632.49,29401.0,29585.12,10285.3628
2022-06-07 08:00:00,29585.12,29733.63,29345.0,29521.5,7672.40223
2022-06-07 12:00:00,29521.51,30041.25,29401.44,29891.17,15080.9226
2022-06-07 16:00:00,29891.17,31429.85,29747.62,31059.71,14712.7556
2022-06-07 20:00:00,31059.71,31589.6,30300.0,31125.33,28797.41812
2022-06-08 00:00:00,31125.32,31327.22,29843.88,30026.72,19657.2277
2022-06-08 04:00:00,30026.71,30686.63,29872.55,30561.77,13310.83642
2022-06-08 08:00:00,30561.77,30616.85,30336.81,30410.85,6328.10356
2022-06-08 12:00:00,30410.85,30901.67,30051.16,30476.77,15544.5556
2022-06-08 16:00:00,30476.77,30552.64,29916.45,30140.14,9386.62544
2022-06-08 20:00:00,30140.14,30499.0,30102.86,30204.77,4315.26404
2022-06-09 00:00:00,30204.77,30323.51,30070.24,30293.49,4608.91792
2022-06-09 04:00:00,30293.5,30487.54,30235.85,30487.54,5105.41253
2022-06-09 08:00:00,30487.53,30700.0,30251.89,30299.47,7928.2471
2022-06-09 12:00:00,30299.46,30389.05,29944.1,30302.24,15458.43252
2022-06-09 16:00:00,30302.23,30450.0,29976.0,30017.12,7988.5499
2022-06-09 20:00:00,30017.12,30250.0,29970.51,30109.93,5201.62653
2022-06-10 00:00:00,30109.93,30382.8,29578.96,30114.38,15509.83819
2022-06-10 04:00:00,30114.38,30226.79,30042.13,30052.43,4916.72998
2022-06-10 08:00:00,30052.44,30114.25,29868.0,30020.56,9266.04408
2022-06-10 12:00:00,30020.56,30184.4,29222.67,29454.53,25273.66013
2022-06-10 16:00:00,29454.52,29484.45,28850.0,28980.02,15450.60825
2022-06-10 20:00:00,28980.03,29400.0,28970.0,29091.88,5787.36917
2022-06-11 00:00:00,29091.87,29315.21,29047.93,29272.43,4336.24117
2022-06-11 04:00:00,29272.43,29440.41,29251.17,29326.83,3718.77449
2022-06-11 08:00:00,29326.83,29345.11,28590.0,28734.01,16567.74888
2022-06-11 12:00:00,28734.01,28870.0,28251.0,28405.54,20659.80579
2022-06-11 16:00:00,28405.55,28794.46,28099.99,28595.28,12871.63441
2022-06-11 20:00:00,28595.27,28683.54,28250.04,28424.7,7747.19421
2022-06-12 00:00:00,28424.71,28544.96,27249.0,27553.23,21302.12824
2022-06-12 04:00:00,27553.22,27677.18,27190.0,27645.89,11845.39168
2022-06-12 08:00:00,27645.88,27726.15,27342.82,27457.39,8692.74407
2022-06-12 12:00:00,27457.39,28347.89,26890.0,28094.42,22632.06677
2022-06-12 16:00:00,28094.42,28238.58,27423.73,27424.71,11639.48899
2022-06-12 20:00:00,27424.71,27557.05,26560.0,26574.53,16362.779059
2022-06-13 00:00:00,26574.53,26895.84,24900.0,25520.05,53452.228483
2022-06-13 04:00:00,25520.05,26257.31,24555.0,24811.59,38328.615693
2022-06-13 08:00:00,24811.59,24941.17,23500.0,23729.43,54841.110157
2022-06-13 12:00:00,23729.43,24376.09,22600.0,23271.54,57401.835425
2022-06-13 16:00:00,23271.53,24204.55,23101.01,23218.22,25993.43985
2022-06-13 20:00:00,23215.97,23787.3,21925.77,22487.41,24593.805358
2022-06-14 00:00:00,22485.27,22796.71,20846.0,22127.91,64139.98175
2022-06-14 04:00:00,22127.92,23362.88,21763.71,22877.52,43892.53561
2022-06-14 08:00:00,22877.52,22979.96,21725.22,21994.56,22494.02407
2022-06-14 12:00:00,21994.56,22800.0,21811.01,22680.38,29165.25726
2022-06-14 16:00:00,22680.38,22777.07,22126.4,22196.28,11465.17332
2022-06-14 20:00:00,22190.93,22344.0,21358.0,22136.41,16044.6747
2022-06-15 00:00:00,22136.42,22297.37,21406.68,21455.8,15540.4174
2022-06-15 04:00:00,21455.8,21490.67,20652.18,20722.92,36911.714923
2022-06-15 08:00:00,20722.92,21290.0,20111.62,21177.03,53193.565904
2022-06-15 12:00:00,21177.04,21798.95,21045.13,21419.1,26099.61279
2022-06-15 16:00:00,21419.09,22496.52,20250.0,21632.04,50278.07819
2022-06-15 20:00:00,21632.03,22800.0,21450.0,22583.72,18751.10426
2022-06-16 00:00:00,22583.72,22995.73,22167.08,22211.62,15401.17608
2022-06-16 04:00:00,22211.62,22361.98,21646.64,21764.17,11790.41133
2022-06-16 08:00:00,21764.18,21888.0,20852.35,21044.55,20945.57513
2022-06-16 12:00:00,21044.56,21510.2,20745.0,21074.77,20237.75687
2022-06-16 16:00:00,21074.77,21500.0,20818.0,20875.48,14792.65041
2022-06-16 20:00:00,20875.48,21048.38,20232.0,20401.31,16506.02447
2022-06-17 00:00:00,20400.6,21059.68,20246.66,20383.38,17423.81608
2022-06-17 04:00:00,20383.37,21286.01,20326.0,21100.64,15684.53285
2022-06-17 08:00:00,21100.65,21365.43,20847.49,20972.04,13240.65005
2022-06-17 12:00:00,20972.04,21047.41,20386.93,20663.7,19484.73561
2022-06-17 16:00:00,20661.95,20791.96,20440.92,20515.59,11352.50026
2022-06-17 20:00:00,20515.59,20723.0,20368.2,20468.81,9508.10178
2022-06-18 00:00:00,20468.81,20792.06,20322.08,20459.65,13043.33887
2022-06-18 04:00:00,20459.65,20537.34,19066.8,19258.58,35934.156049
2022-06-18 08:00:00,19258.58,19540.0,18742.5,19243.98,36718.932489
2022-06-18 12:00:00,19243.99,19291.99,18942.75,18953.76,16110.06463
2022-06-18 16:00:00,18953.76,19101.28,18031.13,18067.6,42570.839975
2022-06-18 20:00:00,18067.61,19493.23,17622.0,18970.79,52064.323511
2022-06-19 00:00:00,18970.79,19198.0,18224.98,18311.09,19556.53214
2022-06-19 04:00:00,18311.1,18621.57,17960.41,18306.93,16670.95915
2022-06-19 08:00:00,18307.39,20150.0,18264.67,19692.5,34028.09471
2022-06-19 12:00:00,19692.49,19945.88,19130.84,19824.97,21044.6303
2022-06-19 16:00:00,19824.96,20344.91,19350.08,20124.08,18382.43393
2022-06-19 20:00:00,20124.07,20815.95,20050.47,20574.0,18638.22572
2022-06-20 00:00:00,20574.0,20687.99,19637.03,19980.49,21076.88904
2022-06-20 04:00:00,19980.49,20258.29,19776.58,20086.63,11823.89634
2022-06-20 08:00:00,20086.62,21022.0,20023.14,20801.79,26862.62188
2022-06-20 12:00:00,20801.79,21090.0,20364.33,20824.74,20540.9217
2022-06-20 16:00:00,20824.74,20832.82,19832.95,20072.81,16553.12261
2022-06-20 20:00:00,20072.8,20784.77,20001.53,20573.89,12171.48997
2022-06-21 00:00:00,20573.9,20783.99,20348.4,20614.04,14312.3475
2022-06-21 04:00:00,20614.04,21333.0,20474.41,21120.28,20989.91077
2022-06-21 08:00:00,21120.28,21500.01,20911.13,20962.42,19870.84399
2022-06-21 12:00:00,20962.42,21723.0,20853.36,21392.19,24368.42434
2022-06-21 16:00:00,21392.18,21550.39,20870.01,20888.64,13013.71907
2022-06-21 20:00:00,20888.63,21054.99,20551.0,20723.52,11815.82923
2022-06-22 00:00:00,20723.51,20736.68,20253.96,20317.88,13979.31912
2022-06-22 04:00:00,20317.89,20595.42,19950.34,20099.62,14132.37133
2022-06-22 08:00:00,20099.62,20676.7,20038.85,20506.3,12215.14546
2022-06-22 12:00:00,20506.3,20900.0,20035.54,20080.1,23768.83256
2022-06-22 16:00:00,20080.85,20380.0,19840.86,20117.34,16356.37373
2022-06-22 20:00:00,20117.34,20239.87,19770.51,19987.99,11681.93718
2022-06-23 00:00:00,19988.0,20612.22,19890.07,20213.79,14363.65967
2022-06-23 04:00:00,20213.78,20657.14,20168.26,20461.83,11026.69488
2022-06-23 08:00:00,20461.83,20812.12,20454.32,20638.79,14202.04066
2022-06-23 12:00:00,20638.89,20829.21,20287.41,20351.91,14771.40675
2022-06-23 16:00:00,20351.91,20945.55,20170.0,20910.06,13067.98266
2022-06-23 20:00:00,20910.06,21233.0,20672.72,21110.13,15695.30254
2022-06-24 00:00:00,21110.12,21369.85,20973.68,21073.73,11560.36297
2022-06-24 04:00:00,21073.73,21168.13,20736.72,20913.72,11245.40104
2022-06-24 08:00:00,20913.73,21326.52,20745.01,21169.53,13183.51662
2022-06-24 12:00:00,21169.53,21457.0,20822.9,20884.17,18370.60567
2022-06-24 16:00:00,20884.17,21267.36,20784.76,21253.61,12337.26438
2022-06-24 20:00:00,21253.79,21558.41,21146.0,21237.69,10733.21554
2022-06-25 00:00:00,21237.68,21379.65,21121.72,21300.62,8834.12849
2022-06-25 04:00:00,21300.62,21614.5,21180.4,21508.13,8974.78284
2022-06-25 08:00:00,21508.09,21555.71,21318.63,21340.22,6223.95714
2022-06-25 12:00:00,21340.22,21372.89,20906.62,20961.89,12861.35689
2022-06-25 16:00:00,20961.89,21271.62,20915.0,21206.2,6430.18304
2022-06-25 20:00:00,21206.21,21588.43,21146.04,21491.19,8107.26954
2022-06-26 00:00:00,21491.18,21544.49,21282.13,21426.23,5764.98379
2022-06-26 04:00:00,21426.23,21526.0,21336.96,21396.52,5247.37654
2022-06-26 08:00:00,21396.52,21777.0,21365.15,21708.6,7858.63639
2022-06-26 12:00:00,21708.6,21888.0,21197.12,21326.11,16730.13311
2022-06-26 16:00:00,21325.98,21445.88,21115.3,21283.6,7358.10626
2022-06-26 20:00:00,21283.6,21425.0,20964.73,21038.07,10318.86855
2022-06-27 00:00:00,21038.08,21190.1,20926.01,21171.32,9115.31096
2022-06-27 04:00:00,21171.33,21404.52,21142.86,21363.22,7287.10643
2022-06-27 08:00:00,21363.23,21539.85,21285.48,21304.55,9031.44056
2022-06-27 12:00:00,21304.56,21343.83,20590.0,20754.73,20746.1707
2022-06-27 16:00:00,20754.74,20945.0,20510.0,20855.37,11119.4703
2022-06-27 20:00:00,20855.38,20966.73,20680.0,20742.56,7175.50235
2022-06-28 00:00:00,20742.57,20873.82,20510.0,20735.03,10262.74079
2022-06-28 04:00:00,20735.03,20933.0,20703.3,20879.39,6632.57985
2022-06-28 08:00:00,20879.39,21212.1,20870.01,20998.13,11148.66059
2022-06-28 12:00:00,20998.14,21129.19,20588.0,20606.4,14177.40504
2022-06-28 16:00:00,20606.4,20771.8,20218.0,20255.01,13851.70032
2022-06-28 20:00:00,20255.01,20463.2,20202.01,20281.29,7727.99661
2022-06-29 00:00:00,20281.28,20398.0,20152.0,20282.96,9403.50591
2022-06-29 04:00:00,20282.96,20381.1,19889.0,20093.75,15182.30368
2022-06-29 08:00:00,20093.74,20233.98,19854.92,20104.8,13703.37348
2022-06-29 12:00:00,20104.81,20254.2,19892.97,20084.48,16651.90425
2022-06-29 16:00:00,20084.48,20268.0,19921.85,20223.63,9428.79866
2022-06-29 20:00:00,20223.63,20432.31,20052.74,20123.01,12939.15781
2022-06-30 00:00:00,20123.0,20179.08,19951.08,20077.01,7486.04781
2022-06-30 04:00:00,20077.01,20091.15,19310.0,19435.9,15063.43516
2022-06-30 08:00:00,19435.89,19440.73,18921.59,19101.36,19458.59354
2022-06-30 12:00:00,19101.35,19341.26,18756.71,19143.98,20353.89512
2022-06-30 16:00:00,19143.97,19295.89,18850.21,18927.34,11722.71426
2022-06-30 20:00:00,18927.33,19980.0,18626.0,19942.21,19761.96217
2022-07-01 00:00:00,19942.21,20918.35,19658.97,19730.76,30584.24162
2022-07-01 04:00:00,19730.77,19773.71,19315.91,19579.11,19730.02792
2022-07-01 08:00:00,19579.11,19821.28,18975.0,19191.03,18433.76251
2022-07-01 12:00:00,19191.02,19669.22,19130.21,19290.94,21382.48293
2022-07-01 16:00:00,19290.95,19544.52,19253.01,19390.17,11380.23092
2022-07-01 20:00:00,19390.17,19686.71,19221.03,19279.8,10333.84904
2022-07-02 00:00:00,19279.8,19387.44,19063.52,19130.9,11055.38947
2022-07-02 04:00:00,19130.9,19299.0,19112.51,19126.81,6108.63933
2022-07-02 08:00:00,19126.81,19285.01,18977.01,19195.21,8754.55003
2022-07-02 12:00:00,19195.21,19467.39,19152.13,19229.39,8564.79267
2022-07-02 16:00:00,19229.39,19408.01,19191.91,19273.27,7098.48826
2022-07-02 20:00:00,19273.27,19383.01,19200.0,19252.81,4598.44234
2022-07-03 00:00:00,19252.82,19307.42,19173.46,19264.29,4294.23479
2022-07-03 04:00:00,19264.29,19400.0,18781.0,19139.74,15809.13628
2022-07-03 08:00:00,19139.75,19155.44,18930.19,19089.8,6142.70929
2022-07-03 12:00:00,19089.79,19136.43,18964.0,19046.78,6155.24871
2022-07-03 16:00:00,19046.78,19565.05,19011.66,19492.16,8982.05603
2022-07-03 20:00:00,19492.15,19647.63,19213.58,19315.83,9704.08121
2022-07-04 00:00:00,19315.83,19343.43,19055.31,19103.54,7770.13823
2022-07-04 04:00:00,19103.54,19189.0,19082.92,19120.6,4549.72552
2022-07-04 08:00:00,19120.6,19855.7,19110.04,19806.49,17099.24484
2022-07-04 12:00:00,19806.48,20143.02,19496.84,19801.47,19985.00775
2022-07-04 16:00:00,19801.48,20050.0,19676.9,19829.99,12091.86186
2022-07-04 20:00:00,19829.98,20354.01,19733.95,20236.71,13318.06781
2022-07-05 00:00:00,20236.71,20478.4,20159.59,20312.98,10723.86043
2022-07-05 04:00:00,20312.99,20470.78,20177.0,20215.69,10783.14938
2022-07-05 08:00:00,20215.68,20215.69,19478.0,19520.39,16101.90897
2022-07-05 12:00:00,19520.4,19594.52,19304.4,19519.98,19572.60858
2022-07-05 16:00:00,19519.98,20500.0,19479.53,20398.21,21205.75892
2022-07-05 20:00:00,20398.21,20750.0,20103.05,20175.83,17653.85128
2022-07-06 00:00:00,20175.84,20414.01,19761.25,19951.47,13505.59399
2022-07-06 04:00:00,19951.47,20337.84,19864.45,20162.22,14768.32563
2022-07-06 08:00:00,20162.21,20303.65,20033.37,20103.43,10987.55751
2022-07-06 12:00:00,20103.44,20366.2,19961.02,20148.86,16962.89906
2022-07-06 16:00:00,20148.85,20478.08,20133.55,20328.55,13872.42224
2022-07-06 20:00:00,20328.55,20675.22,20277.04,20564.51,12342.78237
2022-07-07 00:00:00,20564.51,20594.77,20385.87,20480.61,8030.93228
2022-07-07 04:00:00,20480.6,20493.72,20251.68,20440.01,7289.74695
2022-07-07 08:00:00,20440.01,20619.5,20391.16,20507.83,9026.45726
2022-07-07 12:00:00,20507.83,21035.0,20378.16,20888.44,19695.55971
2022-07-07 16:00:00,20888.44,21837.74,20837.67,21812.47,26330.0972
2022-07-07 20:00:00,21812.46,21838.1,21526.4,21624.98,14641.78921
2022-07-08 00:00:00,21624.99,22527.37,21578.14,22130.56,15662.45062
2022-07-08 04:00:00,22130.57,22242.29,21710.56,21797.64,11522.56833
2022-07-08 08:00:00,21797.65,21822.1,21317.0,21583.98,14014.47762
2022-07-08 12:00:00,21583.99,22130.0,21189.26,21962.52,217519.46905
2022-07-08 16:00:00,21964.3,21979.51,21550.0,21811.9,118059.32596
2022-07-08 20:00:00,21811.9,22045.91,21580.71,21594.75,26303.28191
2022-07-09 00:00:00,21594.75,21696.39,21403.24,21612.62,37760.75629
2022-07-09 04:00:00,21612.62,21728.63,21485.82,21654.72,28825.24637
2022-07-09 08:00:00,21654.72,21778.73,21322.12,21447.29,27589.95645
2022-07-09 12:00:00,21447.29,21717.62,21379.64,21546.9,35492.09744
2022-07-09 16:00:00,21545.89,21980.0,21517.87,21621.4,30065.08676
2022-07-09 20:00:00,21621.49,21754.0,21546.06,21591.83,18684.70137
2022-07-10 00:00:00,21592.15,21607.65,21091.81,21294.98,38268.04284
2022-07-10 04:00:00,21295.76,21373.48,21161.36,21338.12,29088.18041
2022-07-10 08:00:00,21339.46,21424.67,21161.67,21301.84,29990.38017
2022-07-10 12:00:00,21301.84,21345.14,20835.73,20899.76,38336.80103
2022-07-10 16:00:00,20898.44,21052.47,20655.0,20920.54,31704.38242
2022-07-10 20:00:00,20921.4,21180.92,20698.9,20862.47,24800.42869
2022-07-11 00:00:00,20861.11,20868.48,20453.36,20540.69,23077.88556
2022-07-11 04:00:00,20540.68,20606.11,20353.72,20439.91,18882.53702
2022-07-11 08:00:00,20439.17,20632.59,20411.56,20473.06,19309.20207
2022-07-11 12:00:00,20474.55,20762.02,20271.1,20437.44,29172.48123
2022-07-11 16:00:00,20440.0,20716.29,20400.0,20509.47,21383.4604
2022-07-11 20:00:00,20509.47,20565.05,19875.23,19963.61,25709.84096
2022-07-12 00:00:00,19963.61,20006.54,19786.46,19942.33,19173.11575
2022-07-12 04:00:00,19942.33,20059.42,19620.0,19730.99,25109.26736
2022-07-12 08:00:00,19731.0,19836.6,19558.12,19773.9,24762.84215
2022-07-12 12:00:00,19775.56,20010.0,19695.3,19886.33,25999.14655
2022-07-12 16:00:00,19886.33,20007.23,19278.0,19398.74,24209.03639
2022-07-12 20:00:00,19398.74,19555.0,19240.0,19328.75,20253.05042
2022-07-13 00:00:00,19331.28,19582.51,19265.4,19473.68,19334.01951
2022-07-13 04:00:00,19473.68,19875.0,19420.0,19705.25,18898.47892
2022-07-13 08:00:00,19707.06,19930.0,19670.02,19843.89,24102.1197
2022-07-13 12:00:00,19845.33,20128.39,18910.94,19456.2,80056.95967
2022-07-13 16:00:00,19454.99,20046.15,19230.0,19652.15,40636.95532
2022-07-13 20:00:00,19652.15,20366.61,19584.37,20234.87,26221.71576
2022-07-14 00:00:00,20234.87,20435.72,20164.06,20224.24,25680.78821
2022-07-14 04:00:00,20224.24,20276.9,19894.76,19990.72,24237.32324
2022-07-14 08:00:00,19990.72,20057.03,19635.22,19738.13,29040.80066
2022-07-14 12:00:00,19738.13,20466.0,19616.07,20390.5,41546.92001
2022-07-14 16:00:00,20390.0,20900.0,20143.96,20605.75,38641.83273
2022-07-14 20:00:00,20608.36,20720.0,20438.12,20588.84,15661.55211
2022-07-15 00:00:00,20588.84,20833.0,20382.29,20611.83,22529.61523
2022-07-15 04:00:00,20613.21,20936.0,20494.29,20835.38,21753.08143
2022-07-15 08:00:00,20835.38,21059.32,20720.16,20769.74,27470.72494
2022-07-15 12:00:00,20769.74,21090.0,20759.39,20792.19,31597.1672
2022-07-15 16:00:00,20792.19,21189.0,20636.7,21165.85,21907.5011
2022-07-15 20:00:00,21165.85,21200.0,20760.0,20830.04,18085.215
2022-07-16 00:00:00,20830.04,20865.38,20600.0,20738.0,14640.8498
2022-07-16 04:00:00,20738.0,20764.83,20478.61,20546.18,14599.27645
2022-07-16 08:00:00,20546.18,20685.9,20539.85,20616.69,10306.66166
2022-07-16 12:00:00,20616.69,20957.46,20588.72,20943.02,19963.84945
2022-07-16 16:00:00,20943.02,21588.94,20921.07,21192.04,43421.74072
2022-07-16 20:00:00,21190.0,21345.99,20911.64,21195.6,18079.29585
2022-07-17 00:00:00,21195.6,21460.85,21082.8,21324.18,18547.58908
2022-07-17 04:00:00,21322.27,21684.54,21231.01,21467.61,19318.5362
2022-07-17 08:00:00,21467.61,21549.0,21209.71,21456.79,23064.81204
2022-07-17 12:00:00,21459.35,21500.0,21075.07,21170.09,21364.005
2022-07-17 16:00:00,21170.09,21355.0,20824.0,21026.85,21727.9509
2022-07-17 20:00:00,21029.12,21080.0,20750.01,20798.16,14206.55928
2022-07-18 00:00:00,20799.58,21379.99,20762.45,21280.02,27179.49062
2022-07-18 04:00:00,21282.6,22400.0,21170.01,22245.93,48396.16981
2022-07-18 08:00:00,22245.93,22515.0,21960.71,22133.31,42183.61879
2022-07-18 12:00:00,22132.08,22777.63,21898.0,22675.83,44890.53958
2022-07-18 16:00:00,22675.83,22713.28,21388.0,21617.92,44695.7445
2022-07-18 20:00:00,21617.92,22650.0,21434.35,22432.58,32597.16802
2022-07-19 00:00:00,22432.58,22961.72,21807.46,21903.55,55617.52641
2022-07-19 04:00:00,21903.55,22133.89,21579.54,21764.88,35837.62027
2022-07-19 08:00:00,21764.88,22230.0,21696.6,21974.49,28896.23227
2022-07-19 12:00:00,21977.19,23199.9,21971.84,23136.08,63148.34394
2022-07-19 16:00:00,23128.31,23706.26,22950.21,23401.99,54014.75795
2022-07-19 20:00:00,23399.88,23800.0,23147.14,23396.62,26256.2849
2022-07-20 00:00:00,23398.48,23522.4,22922.0,23436.85,36854.25418
2022-07-20 04:00:00,23438.01,23864.15,23303.43,23381.18,30902.98687
2022-07-20 08:00:00,23381.18,23888.04,23313.9,23728.55,37527.86088
2022-07-20 12:00:00,23728.55,24276.74,23567.91,24172.63,51659.15287
2022-07-20 16:00:00,24172.64,24201.94,23400.0,23660.38,42044.92471
2022-07-20 20:00:00,23663.24,23799.62,22906.19,23223.3,39772.99143
2022-07-21 00:00:00,23223.3,23442.77,22666.0,22777.2,31345.35804
2022-07-21 04:00:00,22779.12,23099.51,22638.53,22931.56,26511.16775
2022-07-21 08:00:00,22929.28,23074.12,22466.34,22606.04,29204.64726
2022-07-21 12:00:00,22607.92,22850.0,22341.46,22642.34,38983.52083
2022-07-21 16:00:00,22639.37,23207.94,22632.72,23194.4,35494.11017
2022-07-21 20:00:00,23194.4,23308.8,22931.35,23152.19,23278.87786
2022-07-22 00:00:00,23152.19,23352.53,22861.43,22909.9,18175.45307
2022-07-22 04:00:00,22907.25,23320.0,22805.89,23118.79,23234.33239
2022-07-22 08:00:00,23121.63,23634.4,23068.0,23610.58,34290.2736
2022-07-22 12:00:00,23612.15,23756.49,23227.81,23290.68,43317.27254
2022-07-22 16:00:00,23290.71,23344.62,22543.64,22586.26,36877.18728
2022-07-22 20:00:00,22582.88,22785.95,22500.0,22684.83,15703.92078
2022-07-23 00:00:00,22684.83,22904.39,22550.14,22808.55,13827.77357
2022-07-23 04:00:00,22808.55,23000.77,22675.12,22770.52,18934.41428
2022-07-23 08:00:00,22771.94,22877.26,22210.67,22227.53,28908.73925
2022-07-23 12:00:00,22230.28,22389.53,22039.89,22215.61,22197.02528
2022-07-23 16:00:00,22216.9,22332.0,21934.57,22272.5,21809.06463
2022-07-23 20:00:00,22272.5,22559.0,22221.54,22451.07,16460.75674
2022-07-24 00:00:00,22448.58,22677.37,22288.0,22331.86,14961.07067
2022-07-24 04:00:00,22331.86,22839.99,22257.15,22701.6,20882.52765
2022-07-24 08:00:00,22704.09,22822.81,22480.0,22657.63,19335.21392
2022-07-24 12:00:00,22657.63,22911.31,22444.0,22847.08,23259.23781
2022-07-24 16:00:00,22847.08,22880.87,22630.0,22700.4,15935.18301
2022-07-24 20:00:00,22699.12,23014.64,22513.7,22579.68,20816.43971
2022-07-25 00:00:00,22577.13,22666.0,21753.57,21867.75,33119.0354
2022-07-25 04:00:00,21867.75,22002.62,21737.82,21962.33,22588.79451
2022-07-25 08:00:00,21962.33,22110.98,21868.36,21941.25,22048.18138
2022-07-25 12:00:00,21942.18,22003.12,21683.4,21895.79,32159.10297
2022-07-25 16:00:00,21893.94,22021.47,21552.53,21890.17,27200.4675
2022-07-25 20:00:00,21892.66,22259.98,21250.0,21310.9,43229.18467
2022-07-26 00:00:00,21310.9,21347.82,20856.48,21141.53,40540.47207
2022-07-26 04:00:00,21141.53,21272.21,21017.21,21066.86,21997.35143
2022-07-26 08:00:00,21066.86,21161.37,20932.7,21090.22,20342.85229
2022-07-26 12:00:00,21090.22,21196.58,20706.5,20746.81,38069.87939
2022-07-26 16:00:00,20746.81,21083.49,20734.79,20915.57,27918.74151
2022-07-26 20:00:00,20911.55,21300.0,20809.53,21254.67,28947.94657
2022-07-27 00:00:00,21254.67,21284.0,21042.53,21076.86,21881.70836
2022-07-27 04:00:00,21076.86,21451.33,21059.0,21347.36,22842.73152
2022-07-27 08:00:00,21346.11,21439.29,21129.65,21200.23,21108.09122
2022-07-27 12:00:00,21200.6,21547.53,21157.07,21530.86,31459.70714
2022-07-27 16:00:00,21530.86,23112.63,21455.25,22773.62,82340.73885
2022-07-27 20:00:00,22773.62,22997.17,22576.0,22952.45,31338.22087
2022-07-28 00:00:00,22954.31,23460.58,22701.44,23133.45,35277.39369
2022-07-28 04:00:00,23133.45,23273.81,22887.0,22925.1,25279.95507
2022-07-28 08:00:00,22925.1,23138.28,22816.26,23114.52,24940.73011
2022-07-28 12:00:00,23116.19,23992.0,22582.13,23745.57,74002.6011
2022-07-28 16:00:00,23747.85,24106.96,23662.52,23794.26,44457.31533
2022-07-28 20:00:00,23792.1,24199.72,23711.0,23842.93,32071.0788
2022-07-29 00:00:00,23845.25,23947.73,23701.0,23912.85,25679.75202
2022-07-29 04:00:00,23912.7,24442.66,23820.27,23943.26,30517.851
2022-07-29 08:00:00,23941.63,24131.54,23530.96,23720.56,33097.55799
2022-07-29 12:00:00,23718.71,24222.0,23414.03,24010.74,54279.81023
2022-07-29 16:00:00,24012.76,24051.22,23606.18,23895.13,34146.24673
2022-07-29 20:00:00,23895.14,24138.69,23700.0,23773.75,20577.28826
2022-07-30 00:00:00,23777.28,23968.9,23674.14,23801.35,21365.90398
2022-07-30 04:00:00,23802.8,23914.0,23650.0,23880.76,16225.66452
2022-07-30 08:00:00,23878.58,24073.05,23732.56,23956.38,23749.27671
2022-07-30 12:00:00,23956.38,24668.0,23916.97,24529.1,38918.92187
2022-07-30 16:00:00,24526.57,24593.02,23862.0,23920.65,24101.00978
2022-07-30 20:00:00,23923.74,24078.94,23502.25,23643.51,26699.35525
2022-07-31 00:00:00,23644.64,23886.92,23520.0,23737.4,18447.41876
2022-07-31 04:00:00,23739.41,23842.2,23670.0,23713.1,14787.67259
2022-07-31 08:00:00,23713.1,23860.0,23558.21,23801.07,18809.56497
2022-07-31 12:00:00,23802.56,23861.83,23605.21,23774.97,19234.61369
2022-07-31 16:00:00,23774.97,24194.82,23400.0,23845.88,33340.73193
2022-07-31 20:00:00,23843.69,23892.43,23227.31,23293.32,23123.32289
2022-08-01 00:00:00,23296.36,23466.55,23257.37,23375.62,15508.11562
2022-08-01 04:00:00,23376.59,23425.0,23112.0,23322.05,18881.81214
2022-08-01 08:00:00,23323.26,23379.0,22939.57,23227.79,25583.0702
2022-08-01 12:00:00,23227.79,23509.68,22961.6,23326.73,35670.80561
2022-08-01 16:00:00,23325.19,23355.0,22850.0,22953.59,28331.92374
2022-08-01 20:00:00,22955.37,23417.11,22908.45,23268.01,20234.43488
2022-08-02 00:00:00,23266.9,23447.62,22780.0,22853.11,23861.8006
2022-08-02 04:00:00,22851.34,22937.5,22715.61,22887.8,19556.90887
2022-08-02 08:00:00,22889.62,22973.08,22654.37,22882.61,22574.83437
2022-08-02 12:00:00,22882.61,23151.24,22666.05,22979.5,41402.35374
2022-08-02 16:00:00,22977.78,23459.89,22870.1,22951.21,34504.69159
2022-08-02 20:00:00,22951.21,23148.6,22910.0,22987.79,16172.69308
2022-08-03 00:00:00,22985.93,23079.39,22681.22,22862.72,21794.67604
2022-08-03 04:00:00,22863.65,23074.86,22802.0,22989.96,16328.70249
2022-08-03 08:00:00,22989.16,23471.5,22987.46,23402.83,27560.31855
2022-08-03 12:00:00,23405.14,23647.68,23207.29,23352.76,34061.28808
2022-08-03 16:00:00,23352.76,23574.98,23256.87,23462.0,24167.19029
2022-08-03 20:00:00,23460.51,23486.48,22720.0,22818.37,22036.6345
2022-08-04 00:00:00,22816.91,23223.32,22791.46,23095.74,23187.70628
2022-08-04 04:00:00,23095.74,23185.35,22815.35,22947.92,21337.72264
2022-08-04 08:00:00,22947.92,22956.41,22767.86,22885.01,21575.66775
2022-08-04 12:00:00,22885.01,23148.99,22750.0,22931.68,38733.1817
2022-08-04 16:00:00,22931.68,22980.0,22400.0,22451.24,31973.68221
2022-08-04 20:00:00,22451.28,22670.0,22449.09,22622.98,18046.70958
2022-08-05 00:00:00,22622.41,23200.0,22586.95,23175.32,29075.77169
2022-08-05 04:00:00,23173.9,23432.51,23065.82,23186.08,24099.30825
2022-08-05 08:00:00,23185.08,23441.1,23095.17,23405.13,25397.19562
2022-08-05 12:00:00,23403.67,23472.86,22879.42,22988.25,48880.34457
2022-08-05 16:00:00,22988.26,23104.0,22754.13,22932.83,27002.4136
2022-08-05 20:00:00,22931.23,23329.0,22839.27,23312.42,20796.66376
2022-08-06 00:00:00,23313.56,23354.36,23152.42,23173.65,16587.73975
2022-08-06 04:00:00,23173.65,23236.93,23140.02,23205.87,11942.3366
2022-08-06 08:00:00,23204.77,23258.61,23100.0,23157.42,12641.35947
2022-08-06 12:00:00,23157.42,23236.49,23153.59,23202.21,10906.19763
2022-08-06 16:00:00,23201.18,23256.37,22982.49,23185.12,17103.93227
2022-08-06 20:00:00,23186.32,23220.0,22909.52,22954.21,14730.23735
2022-08-07 00:00:00,22954.21,23051.92,22844.62,22990.1,15970.1472
2022-08-07 04:00:00,22990.1,23029.62,22938.47,23015.95,10283.04251
2022-08-07 08:00:00,23014.6,23055.0,22890.52,23038.48,13104.13907
2022-08-07 12:00:00,23038.48,23184.21,23010.84,23023.14,17967.66602
2022-08-07 16:00:00,23021.97,23300.0,22994.0,23161.02,15650.28447
2022-08-07 20:00:00,23162.46,23402.0,23051.71,23174.39,15914.7295
2022-08-08 00:00:00,23174.39,23350.0,23154.25,23306.63,18056.13149
2022-08-08 04:00:00,23306.62,23852.43,23278.14,23807.68,30112.85373
2022-08-08 08:00:00,23807.53,24189.43,23771.01,24166.12,34588.39517
2022-08-08 12:00:00,24166.12,24245.0,23892.57,23991.38,38414.44409
2022-08-08 16:00:00,23991.38,24011.93,23793.33,23926.83,24331.51732
2022-08-08 20:00:00,23926.84,24104.55,23670.88,23810.0,25455.09972
2022-08-09 00:00:00,23810.98,23869.96,23626.87,23828.96,15374.43569
2022-08-09 04:00:00,23828.98,23933.25,23754.51,23878.12,16624.77929
2022-08-09 08:00:00,23878.12,23890.47,23182.55,23263.92,36406.15298
2022-08-09 12:00:00,23263.34,23327.07,22865.0,23075.0,35184.14371
2022-08-09 16:00:00,23075.0,23132.11,22970.0,23053.82,22428.47764
2022-08-09 20:00:00,23053.82,23265.0,23050.0,23149.95,17164.51927
2022-08-10 00:00:00,23151.32,23151.32,22664.69,22863.75,27322.38638
2022-08-10 04:00:00,22863.75,23011.5,22829.17,22963.67,18724.46992
2022-08-10 08:00:00,22963.67,23204.0,22961.96,23123.95,23418.88921
2022-08-10 12:00:00,23122.36,24178.0,23004.58,23997.1,74487.45703
2022-08-10 16:00:00,23997.1,24092.52,23475.4,23638.95,34250.74128
2022-08-10 20:00:00,23638.95,24226.0,23622.96,23954.05,30712.60571
2022-08-11 00:00:00,23954.05,24491.22,23912.39,24324.38,43690.74811
2022-08-11 04:00:00,24324.37,24745.0,24287.47,24431.88,42311.44311
2022-08-11 08:00:00,24431.88,24685.2,24345.08,24559.37,31586.25817
2022-08-11 12:00:00,24559.37,24918.54,24280.18,24343.68,67916.73828
2022-08-11 16:00:00,24343.68,24418.5,24081.22,24221.81,39040.82428
2022-08-11 20:00:00,24222.73,24334.46,23852.13,23934.39,25213.78362
2022-08-12 00:00:00,23933.09,24097.97,23761.84,24010.11,29110.90611
2022-08-12 04:00:00,24011.25,24060.0,23880.0,23960.99,20722.1852
2022-08-12 08:00:00,23960.99,24143.0,23583.0,23672.99,33894.47421
2022-08-12 12:00:00,23672.98,24012.21,23653.66,23980.66,37591.11057
2022-08-12 16:00:00,23979.58,24271.58,23952.03,24177.57,26396.2295
2022-08-12 20:00:00,24177.57,24456.5,24048.29,24403.68,26492.66481
2022-08-13 00:00:00,24401.7,24811.24,24334.37,24796.53,33493.90366
2022-08-13 04:00:00,24796.53,24888.0,24552.13,24572.12,29087.49126
2022-08-13 08:00:00,24574.03,24653.48,24291.22,24435.91,31052.72614
2022-08-13 12:00:00,24435.91,24600.88,24300.0,24512.66,21336.66579
2022-08-13 16:00:00,24512.66,24593.37,24336.16,24398.56,21151.79633
2022-08-13 20:00:00,24398.56,24545.0,24319.09,24441.38,16729.67117
2022-08-14 00:00:00,24443.06,24640.0,24343.3,24570.02,21999.26985
2022-08-14 04:00:00,24570.33,25047.56,24500.0,24873.32,29499.16312
2022-08-14 08:00:00,24873.32,24883.24,24524.32,24564.49,28622.92667
2022-08-14 12:00:00,24564.5,24593.43,24400.0,24524.54,21597.85172
2022-08-14 16:00:00,24525.51,24568.74,24144.0,24284.07,29371.84503
2022-08-14 20:00:00,24284.07,24435.0,24172.4,24305.24,20115.08834
2022-08-15 00:00:00,24305.25,25211.32,24164.1,24867.39,48020.61288
2022-08-15 04:00:00,24866.12,24982.7,23944.62,24027.05,54638.95429
2022-08-15 08:00:00,24027.05,24314.28,23869.46,24049.48,40091.08032
2022-08-15 12:00:00,24048.91,24265.74,23900.0,24226.0,42008.7708
2022-08-15 16:00:00,24226.0,24281.1,23965.0,23982.54,30437.94241
2022-08-15 20:00:00,23983.54,24192.83,23773.22,24094.82,27342.18688
2022-08-16 00:00:00,24093.04,24247.49,23853.0,24083.42,31819.39488
2022-08-16 04:00:00,24083.25,24144.77,23795.67,24066.93,26639.66002
2022-08-16 08:00:00,24067.77,24150.0,23968.78,24038.03,25008.36776
2022-08-16 12:00:00,24036.86,24094.13,23671.22,23901.27,41284.19897
2022-08-16 16:00:00,23901.0,24058.0,23691.06,23930.24,36967.30007
2022-08-16 20:00:00,23930.24,23994.0,23809.0,23854.74,17606.02651
2022-08-17 00:00:00,23856.15,24085.0,23824.99,24006.66,27497.44226
2022-08-17 04:00:00,24006.66,24446.71,23759.3,23786.42,42139.73733
2022-08-17 08:00:00,23788.32,23924.97,23690.79,23746.65,29502.38216
2022-08-17 12:00:00,23746.65,23760.68,23321.6,23391.9,50641.81441
2022-08-17 16:00:00,23391.9,23638.84,23236.0,23275.04,40282.52766
2022-08-17 20:00:00,23276.89,23417.44,23180.4,23342.66,20604.78384
2022-08-18 00:00:00,23342.66,23516.44,23285.23,23433.31,20285.16515
2022-08-18 04:00:00,23434.25,23466.67,23325.01,23414.21,18535.89444
2022-08-18 08:00:00,23414.21,23582.35,23344.2,23534.43,21749.67803
2022-08-18 12:00:00,23534.43,23600.0,23355.73,23452.28,33043.94202
2022-08-18 16:00:00,23451.45,23469.27,23235.28,23344.88,27697.39734
2022-08-18 20:00:00,23344.88,23448.0,23111.04,23191.2,22873.89313
2022-08-19 00:00:00,23191.45,23208.67,22711.11,22769.05,41226.7643
2022-08-19 04:00:00,22768.97,22837.34,21447.76,21905.88,52502.49717
2022-08-19 08:00:00,21907.37,21915.88,21261.96,21467.91,55689.19945
2022-08-19 12:00:00,21467.91,21605.71,21265.77,21443.36,47572.54319
2022-08-19 16:00:00,21443.36,21660.73,21149.95,21329.66,38711.52891
2022-08-19 20:00:00,21329.65,21382.5,20783.57,20834.39,48293.34445
2022-08-20 00:00:00,20834.39,21212.67,20792.92,21140.34,33280.56478
2022-08-20 04:00:00,21139.97,21370.0,21077.56,21307.25,30309.80491
2022-08-20 08:00:00,21307.99,21315.0,21118.5,21233.66,24822.54213
2022-08-20 12:00:00,21233.66,21382.85,21200.0,21299.44,23779.7671
2022-08-20 16:00:00,21300.5,21360.0,20941.63,20988.36,35287.95553
2022-08-20 20:00:00,20988.52,21250.51,20761.9,21140.07,35561.04918
2022-08-21 00:00:00,21140.07,21330.55,21118.71,21208.72,21895.29548
2022-08-21 04:00:00,21210.06,21285.08,21069.11,21251.38,21730.29782
2022-08-21 08:00:00,21250.21,21570.0,21224.48,21524.39,34690.60227
2022-08-21 12:00:00,21525.57,21587.74,21314.88,21420.2,24843.69947
2022-08-21 16:00:00,21419.0,21557.26,21330.75,21512.01,21034.03801
2022-08-21 20:00:00,21512.01,21800.0,21277.73,21515.61,35006.75105
2022-08-22 00:00:00,21516.7,21530.03,21360.41,21414.86,25174.83039
2022-08-22 04:00:00,21413.67,21494.44,21058.62,21097.72,34115.81272
2022-08-22 08:00:00,21098.01,21338.75,20890.18,21248.71,49490.8094
2022-08-22 12:00:00,21249.78,21444.72,21086.54,21400.47,51797.07693
2022-08-22 16:00:00,21400.47,21548.71,20963.0,21057.25,35679.67466
2022-08-22 20:00:00,21055.48,21423.74,21045.0,21399.83,25963.84116
2022-08-23 00:00:00,21400.75,21468.51,21218.28,21239.18,25560.09622
2022-08-23 04:00:00,21239.18,21318.84,20890.14,21305.34,34416.0604
2022-08-23 08:00:00,21305.34,21550.0,21286.0,21456.34,40917.92309
2022-08-23 12:00:00,21455.97,21684.87,21327.95,21474.67,48875.0019
2022-08-23 16:00:00,21473.01,21602.49,21358.38,21522.01,29866.93249
2022-08-23 20:00:00,21522.01,21654.91,21428.0,21529.12,21331.75754
2022-08-24 00:00:00,21529.11,21555.84,21145.0,21264.01,29785.93251
2022-08-24 04:00:00,21264.01,21504.97,21237.57,21317.85,29673.56148
2022-08-24 08:00:00,21319.27,21476.23,21261.0,21438.92,25602.05989
2022-08-24 12:00:00,21439.84,21645.65,21373.43,21618.45,36534.39799
2022-08-24 16:00:00,21618.46,21900.0,21605.0,21707.58,32108.0372
2022-08-24 20:00:00,21709.32,21761.92,21361.6,21368.08,20679.23139
2022-08-25 00:00:00,21368.05,21637.89,21310.15,21468.93,25661.25463
2022-08-25 04:00:00,21468.12,21762.0,21461.53,21743.29,27720.91104
2022-08-25 08:00:00,21744.22,21819.88,21611.22,21720.31,31114.16042
2022-08-25 12:00:00,21720.31,21779.0,21483.38,21565.12,40638.26855
2022-08-25 16:00:00,21563.92,21646.27,21422.43,21605.2,27793.81951
2022-08-25 20:00:00,21607.25,21685.0,21514.89,21559.04,16987.36886
2022-08-26 00:00:00,21559.04,21614.89,21431.22,21552.17,21810.53604
2022-08-26 04:00:00,21552.17,21564.82,21326.66,21452.9,26876.78847
2022-08-26 08:00:00,21452.9,21468.76,21106.31,21189.77,29944.51782
2022-08-26 12:00:00,21191.27,21886.77,20635.12,20781.08,113783.45025
2022-08-26 16:00:00,20780.86,20832.23,20529.74,20644.47,44696.99841
2022-08-26 20:00:00,20643.01,20749.98,20107.9,20241.05,36699.32856
2022-08-27 00:00:00,20239.14,20402.93,20135.04,20203.18,29318.4206
2022-08-27 04:00:00,20204.23,20277.38,19920.0,20272.25,31410.50355
2022-08-27 08:00:00,20269.9,20279.61,20135.89,20211.21,21699.22715
2022-08-27 12:00:00,20211.21,20242.02,19800.0,19977.36,32921.72422
2022-08-27 16:00:00,19976.08,20100.0,19838.8,20018.0,26551.73716
2022-08-27 20:00:00,20018.0,20103.57,19858.43,20037.6,20680.84764
2022-08-28 00:00:00,20037.6,20171.18,19926.78,19990.58,19062.2534
2022-08-28 04:00:00,19991.39,20085.0,19937.9,20056.62,15905.99683
2022-08-28 08:00:00,20055.85,20107.52,19943.0,20034.97,18745.8172
2022-08-28 12:00:00,20033.87,20059.99,19811.0,20022.03,28371.45725
2022-08-28 16:00:00,20022.03,20155.62,19955.1,19973.76,23600.20388
2022-08-28 20:00:00,19972.31,20049.96,19520.0,19555.61,33622.2312
2022-08-29 00:00:00,19555.61,19966.56,19550.79,19868.14,35747.04123
2022-08-29 04:00:00,19866.29,19941.22,19739.74,19897.01,26893.72392
2022-08-29 08:00:00,19897.01,19923.63,19762.3,19825.09,25639.12076
2022-08-29 12:00:00,19824.2,20384.25,19805.0,20262.28,60730.4378
2022-08-29 16:00:00,20263.62,20433.62,20078.92,20098.65,35933.86098
2022-08-29 20:00:00,20098.65,20351.53,20075.0,20285.73,25565.31076
2022-08-30 00:00:00,20287.2,20298.75,20110.0,20273.36,28757.16891
2022-08-30 04:00:00,20273.36,20576.25,20257.32,20434.16,39864.58091
2022-08-30 08:00:00,20433.65,20511.3,20331.99,20403.8,31895.57423
2022-08-30 12:00:00,20403.8,20450.0,19650.0,19756.24,63047.81394
2022-08-30 16:00:00,19756.24,20099.81,19540.0,19947.2,59238.18278
2022-08-30 20:00:00,19947.2,20059.66,19745.43,19811.66,33831.03452
2022-08-31 00:00:00,19813.03,20459.32,19797.94,20402.87,43434.99397
2022-08-31 04:00:00,20401.46,20490.0,20188.0,20258.09,40558.7766
2022-08-31 08:00:00,20258.09,20410.21,20123.09,20314.78,46273.02503
2022-08-31 12:00:00,20314.78,20423.38,19870.0,20140.63,69387.69551
2022-08-31 16:00:00,20142.26,20328.46,19881.22,20228.57,49128.3389
2022-08-31 20:00:00,20228.57,20299.97,19966.0,20050.02,28163.77764
2022-09-01 00:00:00,20048.44,20208.37,19917.01,20022.97,35505.13886
2022-09-01 04:00:00,20023.82,20139.0,19801.38,19895.66,35973.37844
2022-09-01 08:00:00,19894.97,20126.23,19820.6,20074.01,40982.81672
2022-09-01 12:00:00,20074.91,20096.39,19652.79,19782.59,58172.52468
2022-09-01 16:00:00,19783.03,19938.0,19565.66,19871.68,44073.56909
2022-09-01 20:00:00,19871.68,20180.0,19841.45,20131.46,30582.54484
2022-09-02 00:00:00,20132.64,20245.89,19957.78,20157.01,30343.55359
2022-09-02 04:00:00,20157.01,20298.0,20037.14,20111.24,29629.83037
2022-09-02 08:00:00,20111.24,20179.19,19991.0,20090.81,29418.89765
2022-09-02 12:00:00,20090.81,20441.26,20020.06,20355.85,68960.92967
2022-09-02 16:00:00,20355.85,20387.3,19755.29,19910.43,64356.56312
2022-09-02 20:00:00,19909.23,20026.66,19858.4,19951.86,23276.8289
2022-09-03 00:00:00,19950.98,20055.93,19866.77,19899.69,25987.89995
2022-09-03 04:00:00,19899.69,19968.11,19754.77,19815.63,23401.70682
2022-09-03 08:00:00,19815.63,19868.86,19726.1,19798.76,27168.875
2022-09-03 12:00:00,19798.73,19904.68,19748.88,19772.95,24593.00049
2022-09-03 16:00:00,19772.95,19835.0,19652.72,19710.0,27439.06077
2022-09-03 20:00:00,19710.0,19850.0,19677.29,19831.9,18048.48901
2022-09-04 00:00:00,19832.45,19861.94,19740.07,19772.79,16305.78804
2022-09-04 04:00:00,19772.81,19812.19,19615.0,19632.4,19451.27513
2022-09-04 08:00:00,19630.95,19852.92,19583.1,19850.79,27933.29823
2022-09-04 12:00:00,19849.89,19940.0,19650.0,19789.9,30563.58575
2022-09-04 16:00:00,19790.84,19956.54,19722.0,19882.69,25831.56173
2022-09-04 20:00:00,19883.18,20029.23,19815.0,20000.3,25503.27005
2022-09-05 00:00:00,20000.3,20057.27,19809.56,19884.91,35602.25427
2022-09-05 04:00:00,19884.88,19913.09,19681.22,19750.0,38064.14007
2022-09-05 08:00:00,19750.51,19805.47,19633.83,19701.95,35287.92719
2022-09-05 12:00:00,19701.95,19950.7,19667.02,19854.59,45206.89541
2022-09-05 16:00:00,19854.59,19912.4,19670.14,19708.64,37777.23026
2022-09-05 20:00:00,19708.64,19870.8,19697.1,19796.84,30604.56337
2022-09-06 00:00:00,19795.34,20180.0,19673.44,19790.01,68746.83346
2022-09-06 04:00:00,19790.01,19948.14,19730.74,19905.79,44613.1437
2022-09-06 08:00:00,19906.88,20030.82,19860.66,19918.33,44487.59705
2022-09-06 12:00:00,19918.33,19993.67,19663.7,19818.37,67591.86273
2022-09-06 16:00:00,19818.37,19855.0,18733.97,18824.41,87847.22545
2022-09-06 20:00:00,18823.48,19120.0,18649.51,18790.61,43028.39479
2022-09-07 00:00:00,18790.61,18873.17,18510.77,18745.85,53212.43422
2022-09-07 04:00:00,18745.01,18843.68,18671.22,18800.43,37858.02278
2022-09-07 08:00:00,18799.61,18859.98,18691.22,18739.59,34622.30107
2022-09-07 12:00:00,18739.78,18968.58,18674.33,18871.35,55673.06639
2022-09-07 16:00:00,18870.6,19200.0,18850.42,18992.38,55904.80594
2022-09-07 20:00:00,18992.37,19464.06,18987.89,19292.84,50124.1484
2022-09-08 00:00:00,19292.85,19384.81,19151.48,19218.4,31899.09781
2022-09-08 04:00:00,19218.4,19391.22,19056.0,19171.66,43606.76131
2022-09-08 08:00:00,19171.6,19397.71,19142.29,19311.15,38445.38899
2022-09-08 12:00:00,19311.6,19378.19,19012.0,19250.81,73379.5276
2022-09-08 16:00:00,19250.81,19354.04,19093.13,19352.38,46668.01447
2022-09-08 20:00:00,19352.38,19458.25,19251.9,19319.77,28814.49255
2022-09-09 00:00:00,19320.54,19956.12,19291.75,19950.73,45447.37355
2022-09-09 04:00:00,19949.59,20800.0,19928.47,20631.76,84684.16281
2022-09-09 08:00:00,20631.76,21200.0,20625.26,20937.72,77966.44551
2022-09-09 12:00:00,20937.72,21337.72,20912.37,21266.79,89876.5496
2022-09-09 16:00:00,21266.76,21437.9,21129.0,21291.62,79607.75533
2022-09-09 20:00:00,21291.62,21597.22,21186.07,21360.11,51337.45972
2022-09-10 00:00:00,21361.62,21391.65,21163.25,21303.07,46245.75068
2022-09-10 04:00:00,21301.88,21672.24,21251.59,21283.87,59402.39996
2022-09-10 08:00:00,21283.89,21393.99,21253.5,21285.11,42611.26446
2022-09-10 12:00:00,21285.11,21363.01,21111.13,21219.36,52619.58777
2022-09-10 16:00:00,21220.18,21646.0,21171.44,21579.1,54139.50348
2022-09-10 20:00:00,21579.1,21810.8,21361.64,21648.34,52978.82869
2022-09-11 00:00:00,21647.21,21682.6,21450.01,21542.42,37855.78481
2022-09-11 04:00:00,21542.42,21643.61,21350.0,21611.49,43220.93719
2022-09-11 08:00:00,21610.82,21726.6,21557.38,21613.03,42717.06626
2022-09-11 12:00:00,21613.03,21753.75,21455.0,21643.16,53469.51783
2022-09-11 16:00:00,21642.07,21860.0,21530.0,21617.99,49795.29184
2022-09-11 20:00:00,21617.99,21850.0,21456.67,21826.87,53643.95356
2022-09-12 00:00:00,21826.87,22374.0,21538.51,21656.87,85688.38428
2022-09-12 04:00:00,21656.43,22232.09,21627.34,22193.64,63905.9675
2022-09-12 08:00:00,22195.78,22472.68,21970.43,22312.75,77531.3543
2022-09-12 12:00:00,22313.57,22488.0,22000.0,22114.5,70775.18087
2022-09-12 16:00:00,22112.59,22454.0,22010.96,22426.08,57352.90302
2022-09-12 20:00:00,22428.25,22480.71,22252.37,22395.74,40141.82831
2022-09-13 00:00:00,22395.44,22445.86,22054.07,22231.58,54467.66462
2022-09-13 04:00:00,22232.72,22627.0,22178.57,22273.09,62723.37173
2022-09-13 08:00:00,22271.59,22713.92,22182.09,22522.74,65382.90597
2022-09-13 12:00:00,22522.74,22799.0,20751.0,20829.77,127253.50689
2022-09-13 16:00:00,20829.77,20927.73,20030.0,20283.58,76799.9066
2022-09-13 20:00:00,20284.89,20421.15,19860.0,20173.57,45287.67752
2022-09-14 00:00:00,20173.62,20541.48,20042.15,20323.04,52365.02585
2022-09-14 04:00:00,20323.04,20405.77,20130.98,20243.89,42761.43332
2022-09-14 08:00:00,20243.22,20419.83,20091.19,20225.35,51545.65753
2022-09-14 12:00:00,20224.74,20389.99,20070.0,20178.79,82170.45147
2022-09-14 16:00:00,20178.16,20238.71,19617.62,19952.11,71429.90144
2022-09-14 20:00:00,19951.83,20393.37,19851.21,20226.71,40553.9319
2022-09-15 00:00:00,20227.17,20270.61,19920.0,20023.59,49094.25992
2022-09-15 04:00:00,20023.59,20330.24,19955.43,20204.23,68202.10017
2022-09-15 08:00:00,20204.23,20225.0,20025.0,20148.35,47940.74236
2022-09-15 12:00:00,20149.59,20194.12,19497.0,19737.36,81453.00838
2022-09-15 16:00:00,19737.36,19947.56,19644.1,19782.36,50623.9086
2022-09-15 20:00:00,19780.71,19894.99,19578.0,19701.88,35755.74133
2022-09-16 00:00:00,19701.88,19814.99,19582.05,19744.77,39694.45813
2022-09-16 04:00:00,19744.77,19859.99,19728.0,19739.1,32804.03728
2022-09-16 08:00:00,19739.1,19890.0,19610.13,19867.82,42860.06736
2022-09-16 12:00:00,19868.75,19875.61,19442.76,19661.24,69622.24444
2022-09-16 16:00:00,19661.24,19661.89,19320.01,19618.91,69991.76218
2022-09-16 20:00:00,19617.34,19819.22,19612.42,19803.3,28818.50125
2022-09-17 00:00:00,19803.3,20071.09,19770.0,19884.93,34184.08705
2022-09-17 04:00:00,19884.5,19988.89,19785.49,19842.09,26553.85296
2022-09-17 08:00:00,19842.22,19916.61,19806.64,19810.22,27389.60408
2022-09-17 12:00:00,19810.22,20037.99,19748.08,19963.34,31447.15942
2022-09-17 16:00:00,19963.34,20189.0,19935.08,20009.21,36652.04674
2022-09-17 20:00:00,20009.27,20145.76,19940.0,20113.62,23123.49313
2022-09-18 00:00:00,20112.61,20117.26,19949.95,20000.33,28644.14045
2022-09-18 04:00:00,20000.33,20098.0,19953.58,20053.17,22819.40077
2022-09-18 08:00:00,20052.57,20102.16,19765.01,19922.92,43805.52765
2022-09-18 12:00:00,19922.29,20029.81,19725.0,19814.63,45886.72865
2022-09-18 16:00:00,19814.63,19879.44,19562.45,19725.87,58816.15437
2022-09-18 20:00:00,19725.58,19753.95,19335.62,19416.18,54245.51715
2022-09-19 00:00:00,19417.45,19518.17,18670.0,18776.93,57773.78177
2022-09-19 04:00:00,18775.89,18879.08,18232.56,18468.74,68529.74012
2022-09-19 08:00:00,18468.74,18800.0,18367.88,18684.87,65845.86227
2022-09-19 12:00:00,18685.77,19433.48,18676.47,19080.49,84129.00624
2022-09-19 16:00:00,19081.24,19560.35,18877.0,19514.8,60598.18921
2022-09-19 20:00:00,19514.8,19686.2,19413.53,19537.02,43635.82345
2022-09-20 00:00:00,19537.02,19634.62,19174.74,19364.19,45833.15231
2022-09-20 04:00:00,19364.19,19589.0,19233.38,19357.93,39970.83853
2022-09-20 08:00:00,19358.87,19424.29,19150.0,19219.49,47441.73225
2022-09-20 12:00:00,19219.49,19269.17,18777.0,19238.1,78407.70224
2022-09-20 16:00:00,19238.09,19319.28,18711.87,18993.33,75149.48271
2022-09-20 20:00:00,18993.33,19093.45,18785.01,18875.0,37295.42056
2022-09-21 00:00:00,18874.31,19060.26,18829.3,19021.17,31767.02269
2022-09-21 04:00:00,19022.24,19135.57,18791.2,18947.82,39627.44704
2022-09-21 08:00:00,18946.8,19205.93,18823.53,19165.93,44009.67001
2022-09-21 12:00:00,19165.18,19477.77,19084.17,19191.17,68280.56751
2022-09-21 16:00:00,19191.81,19956.0,18666.0,19001.03,129660.78978
2022-09-21 20:00:00,19002.76,19072.72,18125.98,18461.36,71688.60318
2022-09-22 00:00:00,18461.36,18789.04,18356.39,18690.39,59304.30733
2022-09-22 04:00:00,18690.39,18969.87,18617.41,18934.29,54535.0649
2022-09-22 08:00:00,18934.29,19285.12,18906.1,19229.81,65982.97543
2022-09-22 12:00:00,19229.81,19317.66,18794.06,18986.89,79875.43764
2022-09-22 16:00:00,18985.96,19499.0,18780.01,19311.19,72770.35854
2022-09-22 20:00:00,19309.43,19550.17,19150.0,19401.63,46853.57727
2022-09-23 00:00:00,19401.63,19467.0,19225.73,19394.62,46965.80422
2022-09-23 04:00:00,19393.14,19500.0,19200.0,19223.27,44875.62309
2022-09-23 08:00:00,19223.27,19273.52,18835.0,18862.72,66981.43167
2022-09-23 12:00:00,18862.72,19077.02,18531.42,18711.86,86334.54454
2022-09-23 16:00:00,18712.08,18852.28,18572.55,18807.57,84405.44112
2022-09-23 20:00:00,18807.57,19406.73,18803.0,19289.91,56324.07365
2022-09-24 00:00:00,19288.57,19316.14,19029.8,19121.92,47764.24279
2022-09-24 04:00:00,19121.92,19189.0,18925.94,18997.14,40878.7735
2022-09-24 08:00:00,18996.63,19119.75,18940.23,19051.63,35957.7707
2022-09-24 12:00:00,19052.24,19225.92,19012.49,19124.14,43071.74271
2022-09-24 16:00:00,19124.14,19195.0,19050.03,19103.3,33486.61434
2022-09-24 20:00:00,19102.68,19150.81,18805.34,18920.5,38337.42342
2022-09-25 00:00:00,18921.99,19062.0,18913.43,19053.67,31530.95821
2022-09-25 04:00:00,19052.83,19132.21,18937.62,19098.09,23058.73258
2022-09-25 08:00:00,19098.09,19180.21,18982.0,19117.94,26380.66333
2022-09-25 12:00:00,19117.95,19144.23,18841.91,18988.74,35787.72141
2022-09-25 16:00:00,18988.74,19123.27,18850.01,18915.49,32186.97594
2022-09-25 20:00:00,18915.49,18953.56,18629.2,18807.38,42246.39773
2022-09-26 00:00:00,18809.13,18948.11,18721.02,18868.39,60306.79999
2022-09-26 04:00:00,18869.07,18935.0,18680.72,18911.18,67107.34202
2022-09-26 08:00:00,18911.18,19318.96,18803.13,18876.62,96374.4075
2022-09-26 12:00:00,18876.62,19280.0,18817.62,19113.48,97273.5181
2022-09-26 16:00:00,19113.48,19269.69,18967.59,19202.77,74843.64765
2022-09-26 20:00:00,19202.16,19246.33,19070.05,19227.82,43333.50417
2022-09-27 00:00:00,19226.68,20300.0,19187.63,20099.04,102429.59353
2022-09-27 04:00:00,20099.04,20350.0,19958.85,20183.74,87315.93782
2022-09-27 08:00:00,20183.74,20338.39,20091.3,20229.26,83092.0836
2022-09-27 12:00:00,20230.35,20385.86,19865.0,19887.73,112000.16808
2022-09-27 16:00:00,19887.78,19954.49,18816.32,19077.59,143710.02724
2022-09-27 20:00:00,19077.59,19169.39,18926.91,19079.13,64712.93134
2022-09-28 00:00:00,19078.1,19238.28,18471.28,18745.65,89888.25192
2022-09-28 04:00:00,18746.2,18883.04,18622.0,18781.48,71094.44419
2022-09-28 08:00:00,18782.49,19155.08,18565.0,18955.43,101051.98922
2022-09-28 12:00:00,18954.96,19500.0,18940.02,19487.79,107753.20774
2022-09-28 16:00:00,19487.79,19666.66,19256.07,19546.72,100562.72795
2022-09-28 20:00:00,19546.72,19790.0,19386.22,19412.82,51034.83445
2022-09-29 00:00:00,19412.82,19605.0,19277.01,19507.5,68081.57253
2022-09-29 04:00:00,19507.5,19629.0,19267.0,19359.71,59453.67446
2022-09-29 08:00:00,19360.4,19550.0,19301.27,19463.04,51468.77584
2022-09-29 12:00:00,19463.04,19476.16,18843.01,19288.85,107395.48792
2022-09-29 16:00:00,19288.78,19645.52,19117.5,19405.37,80158.72186
2022-09-29 20:00:00,19402.63,19620.0,19379.74,19591.51,39866.69995
2022-09-30 00:00:00,19590.54,19700.0,19311.99,19398.12,64551.92999
2022-09-30 04:00:00,19397.72,19640.0,19387.87,19571.35,47503.62768
2022-09-30 08:00:00,19570.74,19635.53,19400.32,19436.29,55842.13147
2022-09-30 12:00:00,19435.79,20185.0,19155.36,19756.01,144858.14617
2022-09-30 16:00:00,19756.02,19873.5,19470.29,19473.52,81008.82587
2022-09-30 20:00:00,19473.52,19542.72,19240.44,19422.61,50558.29222
2022-10-01 00:00:00,19422.61,19484.0,19351.02,19416.05,26599.06128
2022-10-01 04:00:00,19416.05,19423.63,19258.53,19309.84,33286.14711
2022-10-01 08:00:00,19309.84,19367.98,19159.42,19312.04,28801.44783
2022-10-01 12:00:00,19312.04,19400.02,19240.08,19330.95,29365.85986
2022-10-01 16:00:00,19332.42,19353.81,19206.63,19266.15,28936.5307
2022-10-01 20:00:00,19266.15,19342.63,19200.0,19310.95,18636.09281
2022-10-02 00:00:00,19312.24,19345.88,19236.0,19310.83,23507.0187
2022-10-02 04:00:00,19310.36,19395.91,19227.73,19285.26,29989.34911
2022-10-02 08:00:00,19284.93,19300.55,19036.0,19192.43,39205.18396
2022-10-02 12:00:00,19193.05,19247.0,19070.0,19143.94,29988.35819
2022-10-02 16:00:00,19143.97,19341.58,19129.97,19260.63,28556.86831
2022-10-02 20:00:00,19260.63,19304.06,18920.35,19056.8,55565.69205
2022-10-03 00:00:00,19057.74,19258.96,18959.68,19168.29,51382.5756
2022-10-03 04:00:00,19168.35,19315.0,19059.68,19197.73,43780.6323
2022-10-03 08:00:00,19197.73,19255.3,19122.67,19245.41,36111.41297
2022-10-03 12:00:00,19246.81,19498.0,19134.23,19335.92,70106.16095
2022-10-03 16:00:00,19336.75,19650.0,19310.0,19541.38,59130.40924
2022-10-03 20:00:00,19543.31,19719.1,19508.83,19629.08,33074.56106
2022-10-04 00:00:00,19629.08,19722.6,19490.6,19598.27,33197.29856
2022-10-04 04:00:00,19598.27,19975.43,19554.0,19968.01,51247.75988
2022-10-04 08:00:00,19967.69,20152.0,19808.0,19939.0,64010.07569
2022-10-04 12:00:00,19939.0,20270.0,19905.3,20099.7,69188.34696
2022-10-04 16:00:00,20099.71,20272.98,19872.02,20220.09,62310.49507
2022-10-04 20:00:00,20220.09,20475.0,20139.51,20337.82,47058.02511
2022-10-05 00:00:00,20337.82,20365.6,20142.95,20189.83,36048.69819
2022-10-05 04:00:00,20190.66,20299.99,20074.91,20226.58,35631.11299
2022-10-05 08:00:00,20227.2,20245.58,19952.12,20027.43,49833.12646
2022-10-05 12:00:00,20028.74,20071.44,19730.0,20001.7,79557.72506
2022-10-05 16:00:00,20001.7,20350.0,19950.05,20119.47,72659.65133
2022-10-05 20:00:00,20117.31,20215.17,19975.42,20158.26,38509.43821
2022-10-06 00:00:00,20158.26,20445.52,20140.38,20355.69,60712.63123
2022-10-06 04:00:00,20356.08,20456.6,20156.0,20218.43,49277.52824
2022-10-06 08:00:00,20218.43,20257.42,20080.01,20245.22,44476.48281
2022-10-06 12:00:00,20244.46,20324.94,19874.81,20010.0,85298.42765
2022-10-06 16:00:00,20010.0,20256.0,19946.76,20010.62,52466.61013
2022-10-06 20:00:00,20010.62,20072.03,19853.0,19960.67,27890.49014
2022-10-07 00:00:00,19960.67,20054.41,19940.9,19981.88,22330.80432
2022-10-07 04:00:00,19982.86,20011.76,19810.0,19928.0,26021.78534
2022-10-07 08:00:00,19928.0,20024.7,19913.63,19998.9,24295.73874
2022-10-07 12:00:00,20000.15,20068.82,19474.71,19577.65,83168.1762
2022-10-07 16:00:00,19577.34,19606.52,19320.0,19459.32,45716.33665
2022-10-07 20:00:00,19459.32,19645.0,19440.73,19530.09,19341.99788
2022-10-08 00:00:00,19530.09,19627.38,19494.0,19504.78,16587.03947
2022-10-08 04:00:00,19504.78,19544.0,19415.6,19499.94,16821.42812
2022-10-08 08:00:00,19500.64,19548.0,19450.0,19534.21,15185.86547
2022-10-08 12:00:00,19534.21,19543.23,19415.0,19487.88,17822.54905
2022-10-08 16:00:00,19487.88,19535.91,19438.99,19468.03,13246.84579
2022-10-08 20:00:00,19467.49,19480.0,19237.14,19417.96,22816.37052
2022-10-09 00:00:00,19416.52,19455.0,19327.77,19366.58,15622.05078
2022-10-09 04:00:00,19365.35,19439.87,19316.04,19407.96,16252.84498
2022-10-09 08:00:00,19407.96,19558.0,19373.49,19468.35,19661.91341
2022-10-09 12:00:00,19468.35,19550.0,19460.8,19535.77,19786.37994
2022-10-09 16:00:00,19535.77,19555.89,19353.0,19468.96,22058.46837
2022-10-09 20:00:00,19468.73,19500.0,19368.1,19439.02,20519.16933
2022-10-10 00:00:00,19439.96,19525.0,19401.0,19452.99,22871.55036
2022-10-10 04:00:00,19452.97,19477.0,19368.08,19412.25,22698.65021
2022-10-10 08:00:00,19412.25,19419.78,19107.0,19331.62,42539.31282
2022-10-10 12:00:00,19333.02,19441.99,19221.41,19269.02,51393.02699
2022-10-10 16:00:00,19269.02,19358.76,19098.21,19211.59,47370.72922
2022-10-10 20:00:00,19211.59,19282.14,19020.25,19131.87,25635.82889
2022-10-11 00:00:00,19131.87,19133.52,18950.01,19044.74,38613.72562
2022-10-11 04:00:00,19044.19,19117.89,19010.0,19084.1,26726.91547
2022-10-11 08:00:00,19082.28,19158.93,19031.23,19153.68,26988.03887
2022-10-11 12:00:00,19153.68,19268.09,18860.0,19147.6,61403.19992
2022-10-11 16:00:00,19147.6,19185.52,18918.01,18999.25,62863.50025
2022-10-11 20:00:00,18997.66,19064.99,18986.62,19060.0,26878.46273
2022-10-12 00:00:00,19060.0,19132.93,19024.65,19048.73,27074.07089
2022-10-12 04:00:00,19049.09,19203.14,19041.9,19112.41,33358.37272
2022-10-12 08:00:00,19111.5,19201.82,19089.51,19114.62,29801.48633
2022-10-12 12:00:00,19114.62,19182.18,18965.88,19137.32,61965.24953
2022-10-12 16:00:00,19137.36,19179.26,19041.74,19137.18,43061.46223
2022-10-12 20:00:00,19137.29,19238.31,19131.55,19155.53,18565.62561
2022-10-13 00:00:00,19155.1,19175.13,19017.8,19089.16,27934.0663
2022-10-13 04:00:00,19089.16,19112.68,18950.0,19005.29,37143.82125
2022-10-13 08:00:00,19005.29,19038.9,18566.66,18753.2,59444.87585
2022-10-13 12:00:00,18754.09,19049.99,18190.0,18958.59,145930.25338
2022-10-13 16:00:00,18958.59,19513.79,18895.08,19369.94,92521.63596
2022-10-13 20:00:00,19369.94,19494.56,19328.72,19375.13,36782.03063
2022-10-14 00:00:00,19375.58,19951.87,19338.07,19816.85,68536.61884
2022-10-14 04:00:00,19816.85,19849.79,19568.33,19642.35,51525.85517
2022-10-14 08:00:00,19642.2,19748.54,19530.0,19596.25,52283.78825
2022-10-14 12:00:00,19596.25,19854.48,19301.0,19358.59,101579.14715
2022-10-14 16:00:00,19358.59,19403.6,19106.16,19168.18,55347.46757
2022-10-14 20:00:00,19168.18,19217.64,19070.37,19176.93,22361.44903
2022-10-15 00:00:00,19176.93,19227.68,19133.24,19200.99,17896.53771
2022-10-15 04:00:00,19200.99,19211.98,19133.16,19169.79,16197.72754
2022-10-15 08:00:00,19170.43,19179.63,19037.39,19167.33,25459.3042
2022-10-15 12:00:00,19167.33,19199.0,19094.01,19127.95,18810.70859
2022-10-15 16:00:00,19127.95,19163.39,19052.0,19102.17,15580.6284
2022-10-15 20:00:00,19102.65,19131.0,18975.18,19069.39,19902.73588
2022-10-16 00:00:00,19068.4,19170.82,19063.74,19123.43,15639.43271
2022-10-16 04:00:00,19123.43,19162.82,19110.35,19134.31,15106.93578
2022-10-16 08:00:00,19134.31,19195.0,19087.37,19144.69,19470.20494
2022-10-16 12:00:00,19144.69,19172.55,19104.16,19158.49,18611.13077
2022-10-16 16:00:00,19158.49,19383.44,19118.4,19375.39,23425.86976
2022-10-16 20:00:00,19375.39,19425.84,19101.0,19262.98,39641.04489
2022-10-17 00:00:00,19262.98,19309.06,19152.03,19186.38,22318.36879
2022-10-17 04:00:00,19186.38,19318.28,19161.03,19295.58,27284.47734
2022-10-17 08:00:00,19295.58,19545.22,19244.03,19457.58,41306.37788
2022-10-17 12:00:00,19457.58,19676.96,19419.6,19535.19,69167.97735
2022-10-17 16:00:00,19535.19,19592.55,19441.87,19526.84,37487.89479
2022-10-17 20:00:00,19527.66,19626.91,19471.8,19549.86,25248.78019
2022-10-18 00:00:00,19548.48,19624.03,19480.0,19547.9,29266.67122
2022-10-18 04:00:00,19548.68,19706.66,19524.37,19664.92,37967.51537
2022-10-18 08:00:00,19665.95,19673.0,19470.0,19563.59,40890.45
2022-10-18 12:00:00,19563.59,19680.49,19280.11,19375.01,67510.77491
2022-10-18 16:00:00,19375.71,19442.0,19091.0,19216.21,52650.55356
2022-10-18 20:00:00,19217.79,19433.43,19195.44,19327.44,32027.11342
2022-10-19 00:00:00,19327.44,19360.16,19213.99,19281.63,24838.11541
2022-10-19 04:00:00,19281.01,19308.34,19146.8,19218.11,30838.31529
2022-10-19 08:00:00,19218.59,19281.81,19140.01,19200.84,29796.8416
2022-10-19 12:00:00,19201.42,19301.69,19065.97,19266.43,49420.78798
2022-10-19 16:00:00,19267.94,19279.31,19095.0,19232.59,30387.57413
2022-10-19 20:00:00,19231.63,19249.51,19084.23,19123.97,20855.66097
2022-10-20 00:00:00,19123.35,19165.34,18900.0,19042.09,29823.96779
2022-10-20 04:00:00,19043.2,19210.0,19037.66,19145.94,31657.92383
2022-10-20 08:00:00,19145.1,19253.33,19105.99,19208.09,30170.9369
2022-10-20 12:00:00,19208.09,19347.82,19128.24,19253.3,52098.24201
2022-10-20 16:00:00,19253.88,19256.55,18964.02,19063.82,53032.20372
2022-10-20 20:00:00,19063.04,19098.0,18929.38,19041.92,26746.85643
2022-10-21 00:00:00,19041.92,19131.39,18999.0,19051.77,25204.50825
2022-10-21 04:00:00,19051.19,19084.17,18991.69,19027.86,25166.7528
2022-10-21 08:00:00,19028.68,19041.96,18900.0,18945.65,40041.11911
2022-10-21 12:00:00,18944.99,19174.16,18650.0,19168.25,103700.45286
2022-10-21 16:00:00,19168.44,19250.0,19089.0,19189.22,55099.94775
2022-10-21 20:00:00,19189.22,19249.73,19137.68,19164.37,20097.97692
2022-10-22 00:00:00,19164.37,19183.39,19112.72,19151.22,17604.99004
2022-10-22 04:00:00,19150.36,19177.01,19132.71,19163.58,14399.18819
2022-10-22 08:00:00,19163.58,19188.0,19140.0,19178.66,17169.0101
2022-10-22 12:00:00,19178.99,19257.0,19155.0,19235.65,26983.03009
2022-10-22 16:00:00,19234.8,19248.85,19134.0,19183.83,21607.12362
2022-10-22 20:00:00,19183.83,19224.99,19173.79,19204.35,12640.56633
2022-10-23 00:00:00,19204.29,19219.76,19163.32,19197.59,14760.13894
2022-10-23 04:00:00,19197.55,19221.71,19148.01,19162.37,16794.21475
2022-10-23 08:00:00,19162.16,19188.7,19125.63,19151.78,15471.09367
2022-10-23 12:00:00,19151.24,19213.14,19070.11,19190.14,22124.29676
2022-10-23 16:00:00,19190.14,19553.96,19169.18,19499.83,47851.15347
2022-10-23 20:00:00,19500.38,19695.0,19441.96,19570.4,50056.30425
2022-10-24 00:00:00,19570.4,19601.15,19342.33,19391.97,46226.18507
2022-10-24 04:00:00,19391.97,19392.41,19250.59,19322.4,45121.51744
2022-10-24 08:00:00,19322.4,19444.44,19292.3,19423.63,38678.18395
2022-10-24 12:00:00,19422.9,19450.9,19157.0,19301.96,71143.04614
2022-10-24 16:00:00,19301.96,19425.05,19223.0,19343.23,33590.0143
2022-10-24 20:00:00,19343.95,19419.15,19301.11,19329.72,21409.19777
2022-10-25 00:00:00,19330.6,19365.32,19250.0,19342.02,22889.60614
2022-10-25 04:00:00,19342.41,19377.1,19272.85,19306.75,21688.59752
2022-10-25 08:00:00,19306.34,19327.16,19237.0,19302.13,23756.86728
2022-10-25 12:00:00,19301.39,19811.0,19260.82,19748.48,87957.91613
2022-10-25 16:00:00,19748.48,20415.87,19718.0,20273.14,119097.10993
2022-10-25 20:00:00,20276.26,20296.92,19981.12,20080.07,50980.57361
2022-10-26 00:00:00,20079.02,20308.0,20050.41,20251.17,45190.154
2022-10-26 04:00:00,20250.55,20382.56,20129.24,20344.76,48521.83566
2022-10-26 08:00:00,20344.05,20783.27,20281.79,20607.81,74517.65302
2022-10-26 12:00:00,20606.86,21020.0,20338.75,20846.66,108637.26464
2022-10-26 16:00:00,20846.66,20997.13,20639.98,20763.54,64776.09859
2022-10-26 20:00:00,20764.52,20907.0,20694.28,20771.59,38849.68985
2022-10-27 00:00:00,20771.61,20847.9,20581.49,20755.33,41094.39042
2022-10-27 04:00:00,20755.9,20872.21,20680.72,20710.02,39944.95921
2022-10-27 08:00:00,20711.12,20750.9,20451.71,20622.84,51716.0483
2022-10-27 12:00:00,20622.11,20780.0,20430.0,20563.09,91523.45178
2022-10-27 16:00:00,20564.08,20679.51,20497.62,20629.59,39133.37997
2022-10-27 20:00:00,20629.59,20637.9,20200.0,20295.11,65231.34823
2022-10-28 00:00:00,20295.11,20337.8,20160.0,20292.81,41598.64181
2022-10-28 04:00:00,20292.77,20312.32,20060.0,20080.01,39111.54404
2022-10-28 08:00:00,20080.01,20248.64,20026.0,20173.74,44669.4375
2022-10-28 12:00:00,20174.0,20588.88,20000.09,20484.59,85700.24245
2022-10-28 16:00:00,20483.96,20750.0,20450.5,20609.21,52122.55718
2022-10-28 20:00:00,20609.21,20735.86,20566.0,20591.84,23837.52271
2022-10-29 00:00:00,20591.84,20823.81,20554.01,20754.27,31867.55531
2022-10-29 04:00:00,20754.27,20777.0,20620.81,20772.27,29666.53623
2022-10-29 08:00:00,20772.27,21085.0,20650.21,20698.89,69530.73315
2022-10-29 12:00:00,20698.06,20947.0,20676.54,20923.33,50383.03946
2022-10-29 16:00:00,20922.25,20982.86,20757.26,20836.96,46871.78707
2022-10-29 20:00:00,20836.96,20899.99,20704.12,20809.67,26562.12633
2022-10-30 00:00:00,20809.68,20841.11,20701.15,20775.5,24897.3423
2022-10-30 04:00:00,20775.5,20931.21,20741.32,20850.85,31837.14803
2022-10-30 08:00:00,20850.84,20887.34,20632.73,20769.84,41886.09154
2022-10-30 12:00:00,20770.81,20781.5,20589.18,20676.7,34950.03823
2022-10-30 16:00:00,20676.72,20700.91,20550.0,20647.49,30214.93935
2022-10-30 20:00:00,20647.77,20739.0,20515.0,20627.48,29010.04941
2022-10-31 00:00:00,20627.48,20675.0,20427.23,20516.07,38837.89003
2022-10-31 04:00:00,20516.07,20593.0,20455.0,20546.65,29471.83535
2022-10-31 08:00:00,20547.08,20845.92,20449.86,20730.54,56721.14914
2022-10-31 12:00:00,20731.53,20755.73,20237.95,20401.53,91762.35397
2022-10-31 16:00:00,20402.6,20533.0,20328.68,20371.72,56560.55789
2022-10-31 20:00:00,20371.4,20524.76,20353.77,20490.74,30213.8299
2022-11-01 00:00:00,20490.74,20589.67,20440.64,20482.57,42530.18742
2022-11-01 04:00:00,20482.57,20662.8,20466.71,20599.51,41697.36943
2022-11-01 08:00:00,20598.74,20700.0,20489.92,20522.79,53368.52562
2022-11-01 12:00:00,20522.23,20570.07,20330.74,20444.0,73725.84369
2022-11-01 16:00:00,20444.0,20517.77,20372.85,20451.45,45119.33416
2022-11-01 20:00:00,20449.29,20503.51,20429.35,20483.62,23491.17739
2022-11-02 00:00:00,20482.81,20558.35,20407.66,20520.34,35736.13079
2022-11-02 04:00:00,20520.34,20563.36,20356.75,20421.64,40207.32805
2022-11-02 08:00:00,20421.64,20539.9,20339.99,20431.33,43427.03759
2022-11-02 12:00:00,20432.38,20457.29,20360.0,20409.03,49089.14117
2022-11-02 16:00:00,20409.03,20800.0,20048.04,20250.68,152367.1987
2022-11-02 20:00:00,20250.68,20282.6,20059.94,20151.84,52889.43669
2022-11-03 00:00:00,20151.84,20339.99,20120.0,20310.63,45286.36328
2022-11-03 04:00:00,20310.63,20393.32,20281.01,20303.09,39635.74249
2022-11-03 08:00:00,20302.35,20338.99,20052.0,20130.64,57231.73925
2022-11-03 12:00:00,20129.8,20339.86,20031.24,20248.62,93114.84927
2022-11-03 16:00:00,20249.18,20315.8,20177.1,20262.53,48379.24924
2022-11-03 20:00:00,20262.53,20271.0,20157.86,20207.82,35537.21087
2022-11-04 00:00:00,20207.12,20330.87,20180.96,20321.79,43072.76992
2022-11-04 04:00:00,20321.79,20688.0,20306.58,20611.56,68700.50414
2022-11-04 08:00:00,20611.56,20681.91,20546.0,20558.46,61029.30462
2022-11-04 12:00:00,20558.03,21302.05,20350.0,20838.7,147532.06386
2022-11-04 16:00:00,20837.54,21115.48,20669.57,21108.54,94896.25811
2022-11-04 20:00:00,21108.54,21209.16,21048.63,21148.52,38463.491
2022-11-05 00:00:00,21148.52,21480.65,21080.65,21444.61,60018.53835
2022-11-05 04:00:00,21445.19,21467.93,21364.34,21384.42,36468.18793
2022-11-05 08:00:00,21384.92,21427.34,21234.9,21404.63,46187.5476
2022-11-05 12:00:00,21404.63,21420.84,21210.98,21299.22,43810.72523
2022-11-05 16:00:00,21299.22,21345.08,21261.56,21331.11,33717.99149
2022-11-05 20:00:00,21330.58,21380.0,21233.33,21299.37,25418.99465
