,type,direction,price,size,timestamp,stop_loss,pnl,reason
0,entry,long,17197.0,1.7608863127774304,2023-01-09 00:00:00,16924.41,,
1,exit,,17332.43,,2023-01-11 12:00:00,,238.4768333394479,tp_ema10
2,entry,long,17550.29,2.094025684947329,2023-01-11 16:00:00,17315.6,,
3,exit,,21042.73,,2023-01-18 12:00:00,,7313.259063137447,tp_ema10
4,entry,long,20876.44,3.1255178001517088,2023-01-19 12:00:00,20660.8,,
5,exit,,20959.44,,2023-01-20 04:00:00,,259.4179774125918,tp_ema10
6,entry,long,21496.67,1.2639027031033687,2023-01-20 16:00:00,20955.53,,
7,exit,,22661.02,,2023-01-23 00:00:00,,1471.6251123584102,tp_ema10
8,entry,long,22904.58,2.4321991626327475,2023-01-23 08:00:00,22600.14,,
9,exit,,22632.89,,2023-01-24 20:00:00,,-660.8041904956968,tp_ema10
10,entry,long,23060.94,1.297934134673261,2023-01-25 20:00:00,22510.0,,
11,exit,,22772.62,,2023-01-27 00:00:00,,-374.2203697089942,tp_ema10
12,entry,long,23253.06,1.7012983950276899,2023-01-27 16:00:00,22841.19,,
13,exit,,22991.51,,2023-01-28 04:00:00,,-444.97459521949725,tp_ema10
14,entry,long,23897.84,0.9991438997440588,2023-01-29 16:00:00,23350.47,,
15,exit,,23077.47,,2023-01-30 08:00:00,,-819.6676810330325,stop_loss
16,entry,long,23385.99,0.6669920803395143,2023-02-01 16:00:00,22760.23,,
17,exit,,23488.94,,2023-02-02 20:00:00,,68.66683467095106,tp_ema10
18,entry,long,23603.36,1.11394077703915,2023-02-03 12:00:00,23227.16,,
19,exit,,23307.99,,2023-02-03 16:00:00,,-329.02468731405264,tp_ema10
20,entry,short,23096.16,1.0852890791770111,2023-02-05 12:00:00,23419.74,,
21,exit,,22977.24,,2023-02-07 08:00:00,,129.06257729572826,tp_ema10
22,entry,short,22872.28,0.9638526919144503,2023-02-08 12:00:00,23239.44,,
23,exit,,21862.55,,2023-02-11 20:00:00,,973.2309786067775,tp_ema10
24,entry,short,21603.11,1.2824654135742446,2023-02-13 08:00:00,21894.99,,
25,exit,,21773.97,,2023-02-13 20:00:00,,-219.12204056329617,tp_ema10
26,entry,long,22445.13,0.9923357186704086,2023-02-15 08:00:00,22072.55,,
27,exit,,23517.72,,2023-02-16 20:00:00,,1064.3693684886937,tp_ema10
28,entry,long,24130.5,0.6558541991610782,2023-02-17 12:00:00,23532.69,,
29,exit,,24523.79,,2023-02-19 16:00:00,,257.940897988061,tp_ema10
30,entry,long,24890.0,0.7693362449111342,2023-02-20 08:00:00,24373.33,,
31,exit,,24572.83,,2023-02-21 08:00:00,,-244.01037679846308,tp_ema10
32,entry,short,23713.61,0.7520100041119825,2023-02-22 12:00:00,24235.37,,
33,exit,,24454.85,,2023-02-23 00:00:00,,-557.4198954479643,stop_loss
34,entry,short,23351.31,0.5630025615503836,2023-02-24 12:00:00,24027.44,,
35,exit,,23253.44,,2023-02-26 08:00:00,,55.10106069893752,tp_ema10
36,entry,short,23276.35,0.6142140856697369,2023-02-27 16:00:00,23897.99,,
37,exit,,23492.09,,2023-02-27 20:00:00,,-132.51054684239003,tp_ema10
38,entry,short,23141.57,0.82681613928418,2023-02-28 20:00:00,23600.0,,
39,exit,,23441.14,,2023-03-01 00:00:00,,-247.68931084536155,tp_ema10
40,entry,short,22319.69,0.2995887638574916,2023-03-03 00:00:00,23567.52,,
41,exit,,22436.18,,2023-03-05 12:00:00,,-34.89909510175968,tp_ema10
42,entry,short,22320.9,2.207971157575798,2023-03-07 12:00:00,22489.88,,
43,exit,,20455.73,,2023-03-11 20:00:00,,4118.2415639756555,tp_ema10
44,entry,long,21997.11,0.2776518728481601,2023-03-12 20:00:00,20341.85,,
45,exit,,24471.01,,2023-03-15 12:00:00,,686.8829682390627,tp_ema10
46,entry,long,24824.62,0.7376218937843005,2023-03-16 08:00:00,24182.0,,
47,exit,,27269.17,,2023-03-20 00:00:00,,1803.1536004504114,tp_ema10
48,entry,long,28595.07,1.0322351461034003,2023-03-22 12:00:00,28000.0,,
49,exit,,26667.33,,2023-03-22 16:00:00,,-1989.8809805493668,stop_loss
50,entry,long,28580.87,0.43228259142641917,2023-03-23 12:00:00,27275.92,,
51,exit,,28018.04,,2023-03-24 12:00:00,,-243.30161093253068,tp_ema10
52,entry,short,27189.68,0.9336166102006275,2023-03-25 16:00:00,27787.33,,
53,exit,,27865.95,,2023-03-26 08:00:00,,-631.3769049803788,stop_loss
54,entry,short,26903.62,0.4134141064625935,2023-03-27 12:00:00,27996.28,,
55,exit,,27425.99,,2023-03-28 16:00:00,,-215.95512679286605,tp_ema10
56,entry,long,28353.99,0.44526689956763016,2023-03-29 08:00:00,27349.68,,
57,exit,,27986.09,,2023-03-30 16:00:00,,-163.81369235093177,tp_ema10
58,entry,long,28494.99,0.5498778328918534,2023-03-31 12:00:00,27688.0,,
59,exit,,28357.93,,2023-04-02 08:00:00,,-75.36625577615816,tp_ema10
60,entry,short,27753.85,0.9836779109991064,2023-04-03 00:00:00,28203.35,,
61,exit,,28253.73,,2023-04-03 08:00:00,,-491.7209141502343,stop_loss
62,entry,short,27800.0,0.984737832752479,2023-04-03 20:00:00,28238.53,,
63,exit,,28289.52,,2023-04-04 08:00:00,,-482.04886388899394,stop_loss
64,entry,long,28544.72,0.9047910396174008,2023-04-05 00:00:00,28078.63,,
65,exit,,28031.09,,2023-04-05 12:00:00,,-464.7278216786865,stop_loss
66,entry,short,27839.78,1.5831018807163948,2023-04-07 04:00:00,28100.0,,
67,exit,,28023.39,,2023-04-08 00:00:00,,-290.67333631833816,tp_ema10
68,entry,short,27924.13,3.0544941020346212,2023-04-08 16:00:00,28057.0,,
69,exit,,28027.71,,2023-04-09 00:00:00,,-316.3844990887403,tp_ema10
70,entry,long,28323.76,0.8929197388755371,2023-04-09 20:00:00,27876.68,,
71,exit,,29798.59,,2023-04-12 16:00:00,,1316.90481848581,tp_ema10
72,entry,long,30441.43,1.0607100813673813,2023-04-13 12:00:00,30039.0,,
73,exit,,30237.89,,2023-04-14 12:00:00,,-215.8969299615177,tp_ema10
74,entry,short,29570.81,0.9669781854962418,2023-04-17 08:00:00,30007.56,,
75,exit,,29775.62,,2023-04-18 04:00:00,,-198.04680217148302,tp_ema10
76,entry,short,29310.65,0.412045739973872,2023-04-19 08:00:00,30325.51,,
77,exit,,27816.85,,2023-04-22 20:00:00,,615.5139263729712,tp_ema10
78,entry,long,28952.32,0.6619290495857548,2023-04-26 08:00:00,28301.05,,
79,exit,,27884.24,,2023-04-26 16:00:00,,-706.9931792815518,stop_loss
80,entry,long,29673.98,0.41114942251956066,2023-04-27 16:00:00,28661.58,,
81,exit,,29146.89,,2023-04-28 12:00:00,,-216.7127491158353,tp_ema10
82,entry,long,29655.18,0.8322990147121571,2023-04-30 12:00:00,29160.53,,
83,exit,,29233.21,,2023-04-30 20:00:00,,-351.20521523808986,tp_ema10
84,entry,short,28170.64,0.8095170746553689,2023-05-01 12:00:00,28670.1,,
85,exit,,28540.68,,2023-05-02 12:00:00,,-299.5536983054734,tp_ema10
86,entry,short,28311.51,0.872071273044462,2023-05-03 12:00:00,28767.93,,
87,exit,,29026.16,,2023-05-03 20:00:00,,-623.225735281226,stop_loss
88,entry,long,29561.66,0.5054000866555278,2023-05-05 16:00:00,28800.0,,
89,exit,,28576.61,,2023-05-06 12:00:00,,-497.8443553600273,stop_loss
90,entry,short,28430.1,0.6251787091024981,2023-05-07 20:00:00,29029.11,,
91,exit,,28153.2,,2023-05-10 12:00:00,,173.11198455048034,tp_ema10
92,entry,short,27179.42,0.8389324862776175,2023-05-11 12:00:00,27630.14,,
93,exit,,26795.01,,2023-05-12 20:00:00,,322.49403704997883,tp_ema10
94,entry,long,27407.48,0.5647943079666291,2023-05-15 04:00:00,26726.0,,
95,exit,,27162.14,,2023-05-15 20:00:00,,-138.56663551653287,tp_ema10
96,entry,short,26845.14,0.9709619116119346,2023-05-17 04:00:00,27238.55,,
97,exit,,27385.09,,2023-05-17 16:00:00,,-524.2708841748648,stop_loss
98,entry,long,27176.22,1.774667226748839,2023-05-21 00:00:00,26967.18,,
99,exit,,26829.94,,2023-05-21 08:00:00,,-614.5317672785924,stop_loss
100,entry,short,26747.78,1.92978318494596,2023-05-21 20:00:00,26933.33,,
101,exit,,26877.18,,2023-05-22 12:00:00,,-249.71394413201003,tp_ema10
102,entry,long,27366.67,0.6205629610594444,2023-05-23 00:00:00,26798.11,,
103,exit,,26786.0,,2023-05-24 00:00:00,,-360.3422945983865,stop_loss
104,entry,short,26314.69,0.6584786088024505,2023-05-24 12:00:00,26839.02,,
105,exit,,26468.68,,2023-05-25 16:00:00,,-101.3991209694904,tp_ema10
106,entry,long,26854.27,1.466872039214381,2023-05-27 20:00:00,26620.35,,
107,exit,,27673.08,,2023-05-30 12:00:00,,1201.0894944291292,tp_ema10
108,entry,short,26911.54,1.151824849268428,2023-05-31 12:00:00,27231.34,,
109,exit,,27000.0,,2023-06-02 00:00:00,,-101.89042616628413,tp_ema10
110,entry,long,27305.26,1.9021133737420284,2023-06-03 12:00:00,27112.73,,
111,exit,,27096.36,,2023-06-03 16:00:00,,-397.35148377470557,stop_loss
112,entry,short,26843.58,0.5852896550557413,2023-06-05 00:00:00,27455.02,,
113,exit,,27080.13,,2023-06-06 16:00:00,,-138.45026790343516,tp_ema10
114,entry,short,26349.52,0.573926482766314,2023-06-07 12:00:00,26968.0,,
115,exit,,26721.68,,2023-06-08 12:00:00,,-213.59247982631132,tp_ema10
116,entry,short,26407.15,0.9316726274255857,2023-06-09 16:00:00,26783.33,,
117,exit,,26030.89,,2023-06-11 16:00:00,,350.55114279515277,tp_ema10
118,entry,short,25759.54,0.5311772573866377,2023-06-13 12:00:00,26433.21,,
119,exit,,25985.07,,2023-06-14 00:00:00,,-119.79640685840778,tp_ema10
120,entry,short,25128.6,0.366538537693035,2023-06-14 20:00:00,26098.0,,
121,exit,,25455.49,,2023-06-15 16:00:00,,-119.81778258647734,tp_ema10
122,entry,long,26382.43,0.29233163887188596,2023-06-16 16:00:00,25175.56,,
123,exit,,26339.97,,2023-06-18 20:00:00,,-12.412401386500022,tp_ema10
124,entry,long,26682.28,0.9430640252954496,2023-06-19 16:00:00,26308.45,,
125,exit,,30398.71,,2023-06-24 12:00:00,,3504.831435528768,tp_ema10
126,entry,long,30729.1,0.8599997673601533,2023-06-27 08:00:00,30233.58,,
127,exit,,30452.75,,2023-06-28 00:00:00,,-237.6609357099771,tp_ema10
128,entry,long,30670.94,0.794799307540039,2023-06-29 08:00:00,30141.05,,
129,exit,,30067.72,,2023-06-30 12:00:00,,-479.43883829430035,stop_loss
130,entry,long,31068.64,0.8248650389634434,2023-07-03 12:00:00,30570.27,,
131,exit,,30911.41,,2023-07-04 04:00:00,,-129.69353007622186,tp_ema10
132,entry,short,30112.0,1.9799487289047752,2023-07-08 16:00:00,30318.25,,
133,exit,,30284.63,,2023-07-08 20:00:00,,-341.79854907083336,tp_ema10
134,entry,short,30160.71,2.1223438385765068,2023-07-09 20:00:00,30349.74,,
135,exit,,30240.0,,2023-07-10 08:00:00,,-168.28064296073308,tp_ema10
136,entry,long,30837.4,0.5728298625793308,2023-07-10 16:00:00,30143.21,,
137,exit,,30404.31,,2023-07-11 08:00:00,,-248.08688518448244,tp_ema10
138,entry,long,30740.0,1.6213300463337077,2023-07-12 04:00:00,30497.95,,
139,exit,,30524.63,,2023-07-12 12:00:00,,-349.18585207888896,tp_ema10
140,entry,long,30543.99,1.3144135800587529,2023-07-13 08:00:00,30251.0,,
141,exit,,30115.17,,2023-07-14 16:00:00,,-563.6468314007988,stop_loss
142,entry,short,30188.0,2.539275179333329,2023-07-16 00:00:00,30335.0,,
143,exit,,30379.95,,2023-07-16 12:00:00,,-487.41387067303435,stop_loss
144,entry,short,29884.39,0.8570094192249125,2023-07-17 16:00:00,30308.0,,
145,exit,,30059.11,,2023-07-19 00:00:00,,-149.7366857269777,tp_ema10
146,entry,short,29810.18,0.5926315532828347,2023-07-20 12:00:00,30417.46,,
147,exit,,29901.72,,2023-07-21 20:00:00,,-54.249492387511204,tp_ema10
148,entry,short,29794.0,3.1274871444291175,2023-07-22 20:00:00,29908.71,,
149,exit,,29916.0,,2023-07-23 04:00:00,,-381.55343162035234,stop_loss
150,entry,short,29716.01,0.8204669776449336,2023-07-24 00:00:00,30143.5,,
151,exit,,29324.0,,2023-07-26 12:00:00,,321.6312599065891,tp_ema10
152,entry,short,29292.01,1.2977191982411362,2023-07-27 12:00:00,29567.49,,
153,exit,,29387.99,,2023-07-28 12:00:00,,-124.55508864718841,tp_ema10
154,entry,short,29267.16,2.5392102738257396,2023-07-29 08:00:00,29406.92,,
155,exit,,29338.02,,2023-07-29 16:00:00,,-179.9284400032934,tp_ema10
156,entry,short,29202.28,1.423076891333538,2023-07-30 16:00:00,29449.0,,
157,exit,,29421.99,,2023-07-31 00:00:00,,-312.6642237948956,tp_ema10
158,entry,short,29157.48,1.0886144330946246,2023-07-31 16:00:00,29473.97,,
159,exit,,29274.41,,2023-08-01 16:00:00,,-127.29168566175477,tp_ema10
160,entry,short,29032.06,1.1356802090599365,2023-08-04 16:00:00,29333.08,,
161,exit,,29092.68,,2023-08-06 04:00:00,,-68.84493427321219,tp_ema10
162,entry,short,29012.93,2.637458068578957,2023-08-06 12:00:00,29142.0,,
163,exit,,29088.0,,2023-08-06 16:00:00,,-197.9939772082215,tp_ema10
164,entry,short,28858.44,1.1382399275272845,2023-08-07 12:00:00,29153.86,,
165,exit,,29154.91,,2023-08-07 16:00:00,,-337.45399131401535,stop_loss
166,entry,long,29438.63,1.2321167299465428,2023-08-08 08:00:00,29171.47,,
167,exit,,29416.22,,2023-08-09 16:00:00,,-27.611735918101843,tp_ema10
168,entry,short,29396.36,5.583559203368669,2023-08-13 04:00:00,29455.21,,
169,exit,,29442.91,,2023-08-13 16:00:00,,-259.91468091680747,tp_ema10
170,entry,short,29303.84,1.8917759546805373,2023-08-13 20:00:00,29474.65,,
171,exit,,29399.91,,2023-08-14 00:00:00,,-181.74291596615868,tp_ema10
172,entry,long,29599.99,1.1942465763471257,2023-08-14 12:00:00,29332.61,,
173,exit,,29360.54,,2023-08-14 16:00:00,,-285.9623427063201,tp_ema10
174,entry,short,29332.66,1.8806268930784258,2023-08-15 12:00:00,29499.26,,
175,exit,,26189.99,,2023-08-20 20:00:00,,5910.189718070773,tp_ema10
176,entry,short,25936.61,2.4877803814272537,2023-08-22 12:00:00,26112.44,,
177,exit,,26056.0,,2023-08-22 20:00:00,,-297.01609973859837,tp_ema10
178,entry,short,25932.01,1.1286490586635896,2023-08-25 12:00:00,26314.05,,
179,exit,,26087.15,,2023-08-26 00:00:00,,-175.09861496107274,tp_ema10
180,entry,short,26012.98,3.5410586884590223,2023-08-28 00:00:00,26133.71,,
181,exit,,26104.17,,2023-08-28 12:00:00,,-322.9091418005736,tp_ema10
182,entry,long,27423.44,0.28021827277802946,2023-08-29 12:00:00,25922.0,,
183,exit,,26922.01,,2023-08-31 12:00:00,,-140.5098485190874,tp_ema10
184,entry,short,25811.0,1.2109571497418645,2023-09-01 12:00:00,26156.0,,
185,exit,,25956.22,,2023-09-03 04:00:00,,-175.85519728551498,tp_ema10
186,entry,short,25814.23,2.1018590808483997,2023-09-04 12:00:00,26011.24,,
187,exit,,25792.1,,2023-09-05 20:00:00,,46.514141459177225,tp_ema10
188,entry,short,25588.02,2.184777631795932,2023-09-06 12:00:00,25778.0,,
189,exit,,25759.95,,2023-09-06 20:00:00,,-375.62881823467524,tp_ema10
190,entry,long,26255.0,0.8456755198672061,2023-09-07 20:00:00,25773.52,,
191,exit,,25839.51,,2023-09-08 08:00:00,,-351.3697217496268,tp_ema10
192,entry,short,25601.27,1.3352384114251625,2023-09-11 08:00:00,25900.69,,
193,exit,,25797.97,,2023-09-12 00:00:00,,-262.6413955273304,tp_ema10
194,entry,long,26198.41,1.1346233549434415,2023-09-13 08:00:00,25850.91,,
195,exit,,26425.16,,2023-09-15 08:00:00,,257.27584573342534,tp_ema10
196,entry,long,26658.66,1.42079701611477,2023-09-18 00:00:00,26377.35,,
197,exit,,26762.51,,2023-09-18 20:00:00,,147.5497701235168,tp_ema10
198,entry,short,26584.02,0.93025764186762,2023-09-21 12:00:00,27017.0,,
199,exit,,26596.71,,2023-09-24 08:00:00,,-11.804969475298881,tp_ema10
200,entry,short,26449.17,1.3910738826307385,2023-09-24 16:00:00,26738.54,,
201,exit,,26331.83,,2023-09-25 16:00:00,,163.228609387886,tp_ema10
202,entry,short,26126.66,1.9509003326157228,2023-09-26 12:00:00,26334.75,,
203,exit,,26278.04,,2023-09-27 00:00:00,,-295.3272923513701,tp_ema10
204,entry,long,27020.0,0.6338269205730491,2023-09-28 12:00:00,26389.29,,
205,exit,,27494.51,,2023-10-02 20:00:00,,300.7572120811165,tp_ema10
206,entry,long,27572.43,1.8318155834009844,2023-10-04 08:00:00,27350.75,,
207,exit,,27404.22,,2023-10-04 12:00:00,,-308.129699283878,tp_ema10
208,entry,long,27638.52,1.6078789475852862,2023-10-06 04:00:00,27389.99,,
209,exit,,27811.63,,2023-10-08 08:00:00,,278.33992461648984,tp_ema10
210,entry,short,27408.01,1.2399501307694838,2023-10-10 12:00:00,27735.0,,
211,exit,,26875.0,,2023-10-13 04:00:00,,660.9058192014405,tp_ema10
212,entry,short,26706.83,1.612684852948046,2023-10-13 12:00:00,26966.85,,
213,exit,,26862.0,,2023-10-13 20:00:00,,-250.24030863194548,tp_ema10
214,entry,long,27154.15,1.5880772761458632,2023-10-15 20:00:00,26893.41,,
215,exit,,28247.45,,2023-10-18 12:00:00,,1736.244886010271,tp_ema10
216,entry,long,28680.09,1.1287961606205732,2023-10-19 12:00:00,28280.96,,
217,exit,,34102.66,,2023-10-26 08:00:00,,6120.976196696305,tp_ema10
218,entry,long,34449.99,1.541943580666009,2023-10-29 12:00:00,34074.44,,
219,exit,,34270.42,,2023-10-30 00:00:00,,-276.88680878019477,tp_ema10
220,entry,long,34540.3,1.3971783785881668,2023-10-31 16:00:00,34130.0,,
221,exit,,34418.4,,2023-11-01 00:00:00,,-170.31604434989958,tp_ema10
222,entry,long,35421.43,0.49910693949008617,2023-11-01 20:00:00,34280.02,,
223,exit,,34640.01,,2023-11-02 12:00:00,,-390.0121446563423,tp_ema10
224,entry,long,35062.07,1.5194030490206831,2023-11-04 20:00:00,34692.52,,
225,exit,,34882.92,,2023-11-05 12:00:00,,-272.20105623205757,tp_ema10
226,entry,long,35453.98,0.5970214138537375,2023-11-07 16:00:00,34523.06,,
227,exit,,36988.77,,2023-11-12 00:00:00,,916.302495768574,tp_ema10
228,entry,short,36147.09,0.9633303630293703,2023-11-14 12:00:00,36744.0,,
229,exit,,36240.94,,2023-11-15 08:00:00,,-90.408554570312,tp_ema10
230,entry,long,37858.2,0.3572640240306004,2023-11-15 20:00:00,36254.0,,
231,exit,,36406.0,,2023-11-16 12:00:00,,-518.8188156972369,tp_ema10
232,entry,short,36044.8,0.977447413456622,2023-11-17 12:00:00,36620.0,,
233,exit,,36613.92,,2023-11-17 20:00:00,,-556.2848719464282,tp_ema10
234,entry,long,36948.97,0.9774100696102531,2023-11-19 16:00:00,36385.7,,
235,exit,,37174.97,,2023-11-21 08:00:00,,220.8946757319172,tp_ema10
236,entry,short,35741.65,0.3157417795659237,2023-11-21 20:00:00,37500.0,,
237,exit,,37289.98,,2023-11-22 16:00:00,,-488.8724695553072,tp_ema10
238,entry,long,37522.99,2.007213187855784,2023-11-24 04:00:00,37251.51,,
239,exit,,37679.31,,2023-11-26 08:00:00,,313.76756552561557,tp_ema10
240,entry,short,37035.95,1.282426125136878,2023-11-27 08:00:00,37466.0,,
241,exit,,37242.7,,2023-11-27 20:00:00,,-265.14160137204954,tp_ema10
242,entry,long,38114.26,0.5619840254118097,2023-11-28 16:00:00,37142.81,,
243,exit,,37792.98,,2023-11-30 04:00:00,,-180.55422768430557,tp_ema10
244,entry,long,38043.05,1.2348200494361259,2023-12-01 00:00:00,37604.0,,
245,exit,,43188.03,,2023-12-07 08:00:00,,6353.124457947874,tp_ema10
246,entry,long,43760.94,0.9937093379645744,2023-12-08 12:00:00,43081.1,,
247,exit,,43817.35,,2023-12-09 08:00:00,,56.055143754577884,tp_ema10
248,entry,short,42309.58,0.38973319493019354,2023-12-11 00:00:00,44046.0,,
249,exit,,41939.18,,2023-12-13 12:00:00,,144.35717540214426,tp_ema10
250,entry,short,41925.55,1.3963518652153393,2023-12-17 00:00:00,42412.37,,
251,exit,,42105.91,,2023-12-17 16:00:00,,-251.8460224102394,tp_ema10
252,entry,short,41374.65,0.6427200249218781,2023-12-17 20:00:00,42424.07,,
253,exit,,41701.1,,2023-12-18 16:00:00,,-209.81595213574522,tp_ema10
254,entry,long,43082.2,0.44503288451640804,2023-12-19 00:00:00,41576.52,,
255,exit,,42341.96,,2023-12-19 16:00:00,,-329.431142434425,tp_ema10
256,entry,long,42924.23,0.9233240877818242,2023-12-20 04:00:00,42206.0,,
257,exit,,43584.37,,2023-12-22 04:00:00,,609.5231633082929,tp_ema10
258,entry,short,42774.12,0.8257904686241919,2023-12-26 04:00:00,43592.68,,
259,exit,,43019.11,,2023-12-27 08:00:00,,-202.3104069082391,tp_ema10
260,entry,short,42445.99,0.9001990504327956,2023-12-28 12:00:00,43192.17,,
261,exit,,42862.01,,2023-12-29 08:00:00,,-374.50080896105527,tp_ema10
262,entry,short,42283.58,1.5218147046530641,2023-12-31 20:00:00,42719.8,,
263,exit,,42492.46,,2024-01-01 04:00:00,,-317.87665550792804,tp_ema10
264,entry,long,42783.05,1.9885938230341411,2024-01-01 12:00:00,42452.58,,
265,exit,,43702.88,,2024-01-03 08:00:00,,1829.168256241483,tp_ema10
266,entry,long,44635.99,0.5771516213733553,2024-01-08 08:00:00,43430.79,,
267,exit,,46110.0,,2024-01-09 20:00:00,,850.7272614205406,tp_ema10
268,entry,short,44462.01,0.39526446493830897,2024-01-12 12:00:00,46267.0,,
269,exit,,42992.67,,2024-01-15 16:00:00,,580.7778889124564,tp_ema10
270,entry,short,42655.94,1.3386797443754606,2024-01-17 04:00:00,43198.0,,
271,exit,,42776.1,,2024-01-17 20:00:00,,-160.85575808415027,tp_ema10
272,entry,short,41022.32,0.40402464161169327,2024-01-18 16:00:00,42810.0,,
273,exit,,41814.27,,2024-01-19 16:00:00,,-319.9673149243793,tp_ema10
274,entry,short,41197.04,1.165272868617045,2024-01-22 00:00:00,41811.1,,
275,exit,,39897.6,,2024-01-23 20:00:00,,1514.2021763957357,tp_ema10
276,entry,long,41289.52,0.5366241372083251,2024-01-26 08:00:00,39896.84,,
277,exit,,41785.92,,2024-01-28 16:00:00,,266.3802217102134,tp_ema10
278,entry,long,42641.75,0.8997092595781933,2024-01-29 12:00:00,41804.88,,
279,exit,,42941.1,,2024-01-30 20:00:00,,269.32796685473085,tp_ema10
280,entry,long,43361.1,0.753996198555964,2024-01-31 12:00:00,42355.0,,
281,exit,,42580.0,,2024-01-31 20:00:00,,-588.9464306920623,tp_ema10
282,entry,long,43218.94,0.5857130413426623,2024-02-01 16:00:00,41944.89,,
283,exit,,43053.05,,2024-02-03 04:00:00,,-97.16393642833391,tp_ema10
284,entry,short,42636.44,1.5525896220846749,2024-02-04 16:00:00,43115.76,,
285,exit,,43071.88,,2024-02-05 04:00:00,,-676.0596250405431,tp_ema10
286,entry,long,43194.08,1.3222540311762285,2024-02-05 08:00:00,42642.0,,
287,exit,,42644.03,,2024-02-05 12:00:00,,-727.3058298484883,tp_ema10
288,entry,long,43244.89,1.2178033074425478,2024-02-06 12:00:00,42658.0,,
289,exit,,42800.0,,2024-02-07 00:00:00,,-541.7885134481144,tp_ema10
290,entry,long,43615.47,0.9701763191383617,2024-02-07 16:00:00,42890.51,,
291,exit,,47903.03,,2024-02-12 08:00:00,,4159.689178884872,tp_ema10
292,entry,long,49917.8,0.35813754799103537,2024-02-12 12:00:00,47710.01,,
293,exit,,48727.47,,2024-02-13 12:00:00,,-426.30186750016975,tp_ema10
294,entry,long,49838.93,1.2733583493967076,2024-02-14 04:00:00,49225.01,,
295,exit,,51756.29,,2024-02-16 16:00:00,,2441.486364799272,tp_ema10
296,entry,long,52137.67,1.5138229805775605,2024-02-18 20:00:00,51587.4,,
297,exit,,51820.61,,2024-02-19 16:00:00,,-479.9727142219178,tp_ema10
298,entry,long,52286.8,1.0593871582437515,2024-02-20 08:00:00,51510.0,,
299,exit,,51680.0,,2024-02-20 12:00:00,,-642.8361276223116,tp_ema10
300,entry,short,50965.53,0.7051664713847334,2024-02-21 08:00:00,52113.39,,
301,exit,,51849.39,,2024-02-21 20:00:00,,-623.2684373981109,tp_ema10
302,entry,short,50915.96,1.2588822736386196,2024-02-23 04:00:00,51548.54,,
303,exit,,51119.79,,2024-02-24 08:00:00,,-256.59797383576205,tp_ema10
304,entry,long,52842.32,0.40752400519752385,2024-02-26 12:00:00,50901.44,,
305,exit,,61263.99,,2024-03-01 12:00:00,,3432.03268885183,tp_ema10
306,entry,long,62164.63,1.3435825807062722,2024-03-03 12:00:00,61393.83,,
307,exit,,61410.98,,2024-03-05 16:00:00,,-1012.5910119492743,tp_ema10
308,entry,long,67301.31,0.2084553295913234,2024-03-06 08:00:00,63263.21,,
309,exit,,65847.29,,2024-03-07 00:00:00,,-303.0982183323769,tp_ema10
310,entry,long,69136.79,1.0627577014304261,2024-03-10 00:00:00,68193.51,,
311,exit,,68604.42,,2024-03-11 00:00:00,,-565.780317510511,tp_ema10
312,entry,long,71019.99,0.20613537749904812,2024-03-11 04:00:00,67024.96,,
313,exit,,71349.99,,2024-03-12 16:00:00,,68.02467457468587,tp_ema10
314,entry,long,72855.16,0.5420675725834262,2024-03-13 04:00:00,71333.31,,
315,exit,,70844.01,,2024-03-14 12:00:00,,-1090.1791986011624,stop_loss
316,entry,short,68224.01,0.1911604195165202,2024-03-15 00:00:00,72419.71,,
317,exit,,67965.5,,2024-03-17 12:00:00,,49.41688004921464,tp_ema10
318,entry,short,65876.01,0.35723033968528856,2024-03-19 00:00:00,68124.11,,
319,exit,,65784.46,,2024-03-20 16:00:00,,32.70443759818401,tp_ema10
320,entry,short,65223.74,0.3905207517038498,2024-03-21 16:00:00,67693.6,,
321,exit,,65981.99,,2024-03-22 00:00:00,,-296.112359979447,tp_ema10
322,entry,short,64233.9,0.39618397510133374,2024-03-22 08:00:00,66649.62,,
323,exit,,64575.41,,2024-03-23 04:00:00,,-135.3007893368573,tp_ema10
324,entry,short,63990.01,0.4746962266813193,2024-03-23 20:00:00,65999.0,,
325,exit,,64583.43,,2024-03-24 04:00:00,,-281.69423483722767,tp_ema10
326,entry,long,67209.99,0.3626699352955209,2024-03-24 20:00:00,64600.01,,
327,exit,,68874.0,,2024-03-27 12:00:00,,603.4863990310978,tp_ema10
328,entry,long,70399.03,0.6431474545296515,2024-03-28 04:00:00,68903.62,,
329,exit,,69794.0,,2024-03-29 04:00:00,,-389.1235044140743,tp_ema10
330,entry,long,70301.73,1.073859118980703,2024-03-31 04:00:00,69562.99,,
331,exit,,69594.94,,2024-04-01 04:00:00,,-758.9928867043642,tp_ema10
332,entry,short,68237.15,0.4218269717746972,2024-04-01 12:00:00,70080.0,,
333,exit,,66353.67,,2024-04-04 08:00:00,,794.5026647982049,tp_ema10
334,entry,short,66930.74,0.43487340199009183,2024-04-05 04:00:00,68756.67,,
335,exit,,68190.62,,2024-04-05 12:00:00,,-547.8883016992726,tp_ema10
336,entry,long,68896.0,0.8261903740195342,2024-04-06 20:00:00,67948.83,,
337,exit,,70383.99,,2024-04-09 04:00:00,,1229.363014637331,tp_ema10
338,entry,long,70631.08,0.38955575682261123,2024-04-10 20:00:00,68556.0,,
339,exit,,69983.16,,2024-04-11 08:00:00,,-252.4009659605056,tp_ema10
340,entry,short,66843.98,0.19437184491627726,2024-04-12 16:00:00,70975.54,,
341,exit,,65661.84,,2024-04-14 20:00:00,,229.77473274932788,tp_ema10
342,entry,short,64568.81,0.35151993637361606,2024-04-15 12:00:00,66867.07,,
343,exit,,63793.39,,2024-04-16 20:00:00,,272.5755890628287,tp_ema10
344,entry,short,60304.95,0.2478299252010702,2024-04-17 12:00:00,63587.88,,
345,exit,,62597.92,,2024-04-18 08:00:00,,-568.2665835882982,tp_ema10
346,entry,long,64808.35,0.6282101659986254,2024-04-20 12:00:00,63277.0,,
347,exit,,64538.0,,2024-04-21 16:00:00,,-169.83661837772746,tp_ema10
348,entry,long,65703.5,0.7141907195517341,2024-04-22 00:00:00,64362.5,,
349,exit,,64610.11,,2024-04-24 12:00:00,,-780.8889908506701,tp_ema10
350,entry,short,63503.22,0.5936477800493611,2024-04-26 12:00:00,64820.01,,
351,exit,,63461.98,,2024-04-27 20:00:00,,24.482034449234444,tp_ema10
352,entry,short,63118.62,0.9123417656285837,2024-04-28 20:00:00,63976.0,,
353,exit,,63039.07,,2024-04-29 12:00:00,,72.57678745575649,tp_ema10
354,entry,short,61204.42,0.31296328507643073,2024-04-30 08:00:00,63708.7,,
355,exit,,58559.66,,2024-05-02 08:00:00,,827.7127778387393,tp_ema10
356,entry,long,62882.01,0.5939529391729109,2024-05-03 20:00:00,61533.2,,
357,exit,,63632.01,,2024-05-06 12:00:00,,445.4647043796832,tp_ema10
358,entry,short,61193.03,0.5172303379629412,2024-05-08 20:00:00,62760.0,,
359,exit,,62159.06,,2024-05-09 12:00:00,,-499.66002338233943,tp_ema10
360,entry,short,60928.02,0.3148197292469674,2024-05-10 12:00:00,63469.13,,
361,exit,,61146.0,,2024-05-12 08:00:00,,-68.62440458125496,tp_ema10
362,entry,long,62738.0,0.41157939073118655,2024-05-13 08:00:00,60797.79,,
363,exit,,62035.39,,2024-05-14 04:00:00,,-289.1797957216392,tp_ema10
364,entry,long,62195.04,0.9050991628086853,2024-05-15 04:00:00,61319.47,,
365,exit,,66889.88,,2024-05-19 12:00:00,,4249.2957535207315,tp_ema10
366,entry,long,67419.99,1.3160090222306733,2024-05-20 12:00:00,66750.0,,
367,exit,,69285.99,,2024-05-21 16:00:00,,2455.6728354824363,tp_ema10
368,entry,long,70455.9,0.9144444585042868,2024-05-22 12:00:00,69435.3,,
369,exit,,69637.47,,2024-05-22 16:00:00,,-748.4087781736571,tp_ema10
370,entry,long,69982.72,1.4437344504882634,2024-05-23 08:00:00,69347.17,,
371,exit,,68076.0,,2024-05-23 12:00:00,,-2752.7973514349833,stop_loss
372,entry,long,70373.85,0.40481045536534266,2024-05-27 12:00:00,68250.0,,
373,exit,,68050.3,,2024-05-28 00:00:00,,-940.5973335641431,stop_loss
374,entry,short,67694.0,0.44261761800329824,2024-05-28 04:00:00,69591.81,,
375,exit,,68829.42,,2024-05-29 00:00:00,,-502.5568958333041,tp_ema10
376,entry,short,67763.59,0.7076678811442308,2024-05-29 08:00:00,68935.68,,
377,exit,,68118.2,,2024-05-30 00:00:00,,-250.94610733255612,tp_ema10
378,entry,short,67215.58,0.4507364308601237,2024-05-31 12:00:00,69044.1,,
379,exit,,67789.47,,2024-06-02 00:00:00,,-258.6731303063161,tp_ema10
380,entry,long,68906.7,0.6326192168409713,2024-06-03 04:00:00,67612.48,,
381,exit,,70479.49,,2024-06-06 16:00:00,,994.9771780553165,tp_ema10
382,entry,long,71699.99,1.1820796040588897,2024-06-07 08:00:00,70989.68,,
383,exit,,69255.0,,2024-06-07 16:00:00,,-2890.172811127951,stop_loss
384,entry,short,69303.99,1.566199526541492,2024-06-10 04:00:00,69801.34,,
385,exit,,70066.12,,2024-06-10 12:00:00,,-1193.647645163052,stop_loss
386,entry,short,68464.0,0.6096859176043676,2024-06-11 00:00:00,69700.51,,
387,exit,,67778.43,,2024-06-12 08:00:00,,417.9823745320306,tp_ema10
388,entry,short,66470.01,0.3853201723052927,2024-06-13 12:00:00,68449.3,,
389,exit,,66492.83,,2024-06-16 08:00:00,,-8.79300633200947,tp_ema10
390,entry,short,66222.0,0.9816862504302519,2024-06-17 00:00:00,66998.7,,
391,exit,,66691.99,,2024-06-17 16:00:00,,-461.38272083971924,tp_ema10
392,entry,short,64506.14,1.0847539138169349,2024-06-21 00:00:00,65200.11,,
393,exit,,64520.0,,2024-06-22 04:00:00,,-15.03468924550335,tp_ema10
394,entry,short,64094.0,2.1920034522762366,2024-06-23 12:00:00,64437.28,,
395,exit,,61810.0,,2024-06-25 12:00:00,,5006.535884998924,tp_ema10
396,entry,short,61445.26,1.5743440883400608,2024-06-26 08:00:00,61990.0,,
397,exit,,61576.0,,2024-06-27 12:00:00,,-205.82974610957635,tp_ema10
398,entry,short,61062.01,1.0495649073347304,2024-06-28 12:00:00,61875.0,,
399,exit,,61052.3,,2024-06-29 04:00:00,,10.191275250219316,tp_ema10
400,entry,long,62026.83,1.2536166014927554,2024-06-30 16:00:00,61346.0,,
401,exit,,62629.99,,2024-07-02 04:00:00,,756.1313893563656,tp_ema10
402,entry,short,60987.99,0.6698089679654806,2024-07-03 00:00:00,62285.94,,
403,exit,,57317.98,,2024-07-06 12:00:00,,2458.20561052299,tp_ema10
404,entry,short,56825.42,0.847840694282172,2024-07-07 12:00:00,57911.71,,
405,exit,,57154.01,,2024-07-08 08:00:00,,-278.5919737341821,tp_ema10
406,entry,long,58977.99,0.5483554654822713,2024-07-10 04:00:00,57309.09,,
407,exit,,57699.69,,2024-07-10 12:00:00,,-700.962791525985,tp_ema10
408,entry,long,58777.99,0.6981648725072446,2024-07-11 08:00:00,57488.28,,
409,exit,,57402.01,,2024-07-11 12:00:00,,-960.6609012725155,stop_loss
410,entry,short,56914.01,1.219208491522871,2024-07-12 00:00:00,57636.0,,
411,exit,,58214.0,,2024-07-12 12:00:00,,-1584.9588468948145,stop_loss
412,entry,long,58534.0,1.0895354889046416,2024-07-13 08:00:00,57756.63,,
413,exit,,64087.99,,2024-07-17 20:00:00,,6051.269210021488,tp_ema10
414,entry,long,65836.77,0.40121299322019244,2024-07-19 12:00:00,63409.01,,
415,exit,,67063.87,,2024-07-22 12:00:00,,492.32846398049463,tp_ema10
416,entry,long,68232.07,0.5887134466621866,2024-07-22 16:00:00,66559.97,,
417,exit,,66576.0,,2024-07-23 04:00:00,,-974.9506776138514,tp_ema10
418,entry,short,65376.0,0.722817884544226,2024-07-24 20:00:00,66709.55,,
419,exit,,65799.95,,2024-07-25 20:00:00,,-306.4386421525225,tp_ema10
420,entry,long,67560.01,1.4302465881675346,2024-07-26 12:00:00,66890.56,,
421,exit,,67560.86,,2024-07-28 04:00:00,,1.2157095999507295,tp_ema10
422,entry,long,69347.67,0.6193228604187115,2024-07-29 00:00:00,67801.62,,
423,exit,,68104.0,,2024-07-29 12:00:00,,-770.2332618169379,tp_ema10
424,entry,short,65256.83,0.5911349525889644,2024-07-31 16:00:00,66849.24,,
425,exit,,65354.02,,2024-08-01 20:00:00,,-57.452406042118525,tp_ema10
426,entry,short,63416.01,0.4459785148602043,2024-08-02 12:00:00,65524.01,,
427,exit,,55665.73,,2024-08-06 00:00:00,,3456.4583641507434,tp_ema10
428,entry,short,54759.22,0.44672067945175764,2024-08-07 16:00:00,57479.6,,
429,exit,,57049.74,,2024-08-08 00:00:00,,-1023.2226506978385,tp_ema10
430,entry,long,59428.03,0.4360160229797276,2024-08-08 12:00:00,56700.0,,
431,exit,,60669.15,,2024-08-11 08:00:00,,541.1482064406007,tp_ema10
432,entry,long,60207.37,0.49975771317732115,2024-08-12 12:00:00,57800.0,,
433,exit,,59043.98,,2024-08-12 16:00:00,,-581.4131259333634,tp_ema10
434,entry,long,60820.15,0.5630917165888841,2024-08-13 16:00:00,58709.57,,
435,exit,,59435.69,,2024-08-14 12:00:00,,-779.577957948646,tp_ema10
436,entry,short,57047.46,0.41714422633689147,2024-08-15 16:00:00,59849.38,,
437,exit,,59683.39,,2024-08-16 16:00:00,,-1099.5629805282024,tp_ema10
438,entry,long,60619.18,0.6691937294294744,2024-08-20 00:00:00,58914.0,,
439,exit,,58825.53,,2024-08-20 12:00:00,,-1200.2993327911777,stop_loss
440,entry,long,61570.0,0.4084000810155197,2024-08-21 16:00:00,58850.0,,
441,exit,,60407.4,,2024-08-22 12:00:00,,-474.80593418864265,tp_ema10
442,entry,long,61069.27,1.5112608623226438,2024-08-23 04:00:00,60342.14,,
443,exit,,63627.01,,2024-08-26 04:00:00,,3865.412357997127,tp_ema10
444,entry,short,61709.13,0.7722772898911751,2024-08-27 12:00:00,63000.0,,
445,exit,,60067.06,,2024-08-29 08:00:00,,1268.1333694116015,tp_ema10
446,entry,short,58094.99,0.5535403476104148,2024-08-30 12:00:00,59944.07,,
447,exit,,59232.01,,2024-08-31 00:00:00,,-629.3864460399961,tp_ema10
448,entry,short,58524.21,1.636124549550005,2024-09-01 00:00:00,59141.72,,
449,exit,,58422.01,,2024-09-02 08:00:00,,167.21192896400575,tp_ema10
450,entry,short,57725.0,0.6238982899082284,2024-09-03 12:00:00,59350.0,,
451,exit,,58134.0,,2024-09-04 12:00:00,,-255.1744005724654,tp_ema10
452,entry,short,55976.01,0.7339762725266202,2024-09-05 12:00:00,57350.0,,
453,exit,,54556.08,,2024-09-08 08:00:00,,1042.194928648724,tp_ema10
454,entry,short,53687.0,0.9947020825317121,2024-09-08 12:00:00,54722.85,,
455,exit,,54869.95,,2024-09-08 20:00:00,,-1176.682828530886,stop_loss
456,entry,long,57089.54,0.44000621857037,2024-09-09 16:00:00,54804.0,,
457,exit,,56712.0,,2024-09-11 04:00:00,,-166.11994775905788,tp_ema10
458,entry,long,57585.5,0.491181876228801,2024-09-11 16:00:00,55545.19,,
459,exit,,59878.22,,2024-09-15 16:00:00,,1126.142511267297,tp_ema10
460,entry,short,57881.69,0.7905092910508142,2024-09-16 12:00:00,59179.35,,
461,exit,,58695.39,,2024-09-17 04:00:00,,-643.2374101280452,tp_ema10
462,entry,long,61135.5,0.40506106141004816,2024-09-17 12:00:00,58636.36,,
463,exit,,59429.18,,2024-09-18 12:00:00,,-691.1637903051933,tp_ema10
464,entry,long,61759.99,0.38596384072965645,2024-09-18 20:00:00,59174.8,,
465,exit,,62936.0,,2024-09-22 04:00:00,,453.89733633648405,tp_ema10
466,entry,long,63578.76,0.8251121822685906,2024-09-22 20:00:00,62357.93,,
467,exit,,63298.56,,2024-09-23 16:00:00,,-231.1964334716627,tp_ema10
468,entry,long,64292.34,0.642096397976007,2024-09-24 16:00:00,62731.1,,
469,exit,,63495.66,,2024-09-25 12:00:00,,-511.5453583395208,tp_ema10
470,entry,long,63852.07,0.8389724194429521,2024-09-26 04:00:00,62670.0,,
471,exit,,65477.01,,2024-09-29 04:00:00,,1363.2798432496324,tp_ema10
472,entry,long,65958.82,2.666822625020702,2024-09-29 16:00:00,65576.21,,
473,exit,,65602.01,,2024-09-29 20:00:00,,-951.5489808336694,tp_ema10
474,entry,short,63819.44,1.0750083023970962,2024-09-30 08:00:00,64750.01,,
475,exit,,61443.64,,2024-10-04 04:00:00,,2554.0047248350243,tp_ema10
476,entry,long,62720.01,1.3207911870568017,2024-10-06 12:00:00,61922.0,,
477,exit,,62224.0,,2024-10-07 20:00:00,,-655.1256366920469,tp_ema10
478,entry,short,61031.98,0.7537420472373021,2024-10-09 16:00:00,62412.09,,
479,exit,,61174.87,,2024-10-11 08:00:00,,-107.70220112973766,tp_ema10
480,entry,long,64299.99,0.5634548147243718,2024-10-14 00:00:00,62457.81,,
481,exit,,66872.43,,2024-10-17 08:00:00,,1449.45370358956,tp_ema10
482,entry,long,68735.35,0.9778369072744221,2024-10-18 12:00:00,67642.71,,
483,exit,,68090.3,,2024-10-19 08:00:00,,-630.7536970373689,tp_ema10
484,entry,long,68625.99,2.4666944636756414,2024-10-20 12:00:00,68198.22,,
485,exit,,68514.0,,2024-10-21 04:00:00,,-276.245112987048,tp_ema10
486,entry,short,66852.34,1.6912065357278963,2024-10-23 04:00:00,67472.83,,
487,exit,,67213.16,,2024-10-24 00:00:00,,-610.2211422213513,tp_ema10
488,entry,long,68021.7,2.1558215119320727,2024-10-27 20:00:00,67540.88,,
489,exit,,70620.0,,2024-10-31 12:00:00,,5601.47103445311,tp_ema10
490,entry,short,69393.17,2.5910719297130673,2024-11-02 12:00:00,69838.62,,
491,exit,,69047.86,,2024-11-04 00:00:00,,894.7230480492133,tp_ema10
492,entry,short,67856.0,0.8327763717233043,2024-11-04 16:00:00,69264.52,,
493,exit,,68893.99,,2024-11-05 04:00:00,,-864.413546085077,tp_ema10
494,entry,long,74348.53,0.2076426456018078,2024-11-06 00:00:00,68786.91,,
495,exit,,87947.99,,2024-11-14 12:00:00,,2823.8278531559627,tp_ema10
496,entry,long,89741.25,0.455093342459791,2024-11-15 08:00:00,87073.38,,
497,exit,,88445.41,,2024-11-15 12:00:00,,-589.728156893094,tp_ema10
498,entry,long,91032.07,0.4543324149944216,2024-11-15 20:00:00,88386.99,,
499,exit,,90247.86,,2024-11-17 00:00:00,,-356.29202316277826,tp_ema10
500,entry,long,91719.9,0.5681719990899047,2024-11-18 04:00:00,89617.96,,
501,exit,,90275.13,,2024-11-18 08:00:00,,-820.8778591251156,tp_ema10
502,entry,long,92309.51,0.4013574995397954,2024-11-18 12:00:00,89376.9,,
503,exit,,90608.26,,2024-11-18 16:00:00,,-682.8094460920769,tp_ema10
504,entry,long,92391.99,0.8209957833041218,2024-11-19 12:00:00,90975.8,,
505,exit,,97504.0,,2024-11-23 16:00:00,,4196.938654208499,tp_ema10
506,entry,short,93010.01,0.35840266880301735,2024-11-25 20:00:00,96500.0,,
507,exit,,93597.16,,2024-11-27 04:00:00,,-210.43612698769476,tp_ema10
508,entry,long,97237.91,0.7609852806244043,2024-11-29 08:00:00,95600.03,,
509,exit,,96267.99,,2024-11-30 08:00:00,,-738.0948433832209,tp_ema10
510,entry,long,97108.89,1.3483432793493955,2024-12-01 08:00:00,96195.99,,
511,exit,,96483.75,,2024-12-02 00:00:00,,-842.9033176524803,tp_ema10
512,entry,short,95128.68,0.6757578649195398,2024-12-02 08:00:00,96924.0,,
513,exit,,97048.0,,2024-12-02 12:00:00,,-1296.9955852973758,stop_loss
514,entry,short,94988.01,0.9487034555560783,2024-12-03 08:00:00,96238.1,,
515,exit,,95849.69,,2024-12-03 20:00:00,,-817.4787935835687,tp_ema10
516,entry,long,97209.64,0.44579799760121985,2024-12-04 16:00:00,94587.83,,
517,exit,,99028.0,,2024-12-05 16:00:00,,810.6212469181544,tp_ema10
518,entry,long,99309.99,0.6596211301341848,2024-12-06 12:00:00,97512.26,,
519,exit,,99299.63,,2024-12-07 00:00:00,,-6.833674908190538,tp_ema10
520,entry,long,100077.45,1.1384978367482141,2024-12-07 16:00:00,99036.01,,
521,exit,,99090.84,,2024-12-09 00:00:00,,-1123.253350714156,tp_ema10
522,entry,short,97812.0,0.4452788975163093,2024-12-09 12:00:00,100421.8,,
523,exit,,97398.43,,2024-12-11 00:00:00,,184.15399364582314,tp_ema10
524,entry,long,101122.71,0.3822330662424438,2024-12-11 16:00:00,98072.33,,
525,exit,,99481.32,,2024-12-12 16:00:00,,-627.3935325996846,tp_ema10
526,entry,long,101462.34,0.6541194300872909,2024-12-13 16:00:00,99700.0,,
527,exit,,104763.98,,2024-12-18 00:00:00,,2159.6668751534025,tp_ema10
528,entry,short,100204.01,0.24982096234927562,2024-12-18 20:00:00,104999.98,,
529,exit,,99040.0,,2024-12-21 04:00:00,,290.794098384179,tp_ema10
530,entry,short,96210.24,0.9728563601631282,2024-12-22 04:00:00,97448.08,,
531,exit,,98300.0,,2024-12-24 12:00:00,,-2033.0363072144935,stop_loss
532,entry,long,99429.6,0.8968087974156953,2024-12-25 20:00:00,98134.4,,
533,exit,,97719.99,,2024-12-26 04:00:00,,-1533.1932881498474,stop_loss
534,entry,short,95104.76,0.7531608926839066,2024-12-27 04:00:00,96604.24,,
535,exit,,96952.38,,2024-12-27 08:00:00,,-1391.555128540647,stop_loss
536,entry,short,94573.75,0.37030965678356476,2024-12-27 12:00:00,97544.58,,
537,exit,,95300.0,,2024-12-28 20:00:00,,-268.9373882390639,tp_ema10
538,entry,short,94511.12,1.3606496338910612,2024-12-29 12:00:00,95315.5,,
539,exit,,94417.04,,2024-12-30 16:00:00,,128.00991755647343,tp_ema10
540,entry,long,95822.0,0.7672500425020867,2025-01-02 04:00:00,94392.0,,
541,exit,,97641.63,,2025-01-05 08:00:00,,1396.1111948380756,tp_ema10
542,entry,long,98363.61,1.4329147056790588,2025-01-05 20:00:00,97577.46,,
543,exit,,97952.26,,2025-01-07 12:00:00,,-589.4294641810892,tp_ema10
544,entry,short,95657.09,0.6913226172911852,2025-01-08 04:00:00,97268.65,,
545,exit,,94492.63,,2025-01-10 04:00:00,,805.0175349308878,tp_ema10
546,entry,short,93590.24,0.48133138931436914,2025-01-13 04:00:00,95940.0,,
547,exit,,94536.1,,2025-01-13 20:00:00,,-455.27210789688945,tp_ema10
548,entry,long,96548.04,0.6248969314336726,2025-01-14 08:00:00,94753.42,,
549,exit,,101331.57,,2025-01-19 20:00:00,,2989.2132184209245,tp_ema10
550,entry,long,107120.65,0.15642329372990893,2025-01-20 04:00:00,99550.0,,
551,exit,,104957.99,,2025-01-20 12:00:00,,-338.29040041792314,tp_ema10
552,entry,long,107031.34,0.3341003692890974,2025-01-21 16:00:00,102803.43,,
553,exit,,104180.01,,2025-01-22 12:00:00,,-952.6304059650828,tp_ema10
554,entry,long,105859.98,1.166046645636795,2025-01-24 12:00:00,104669.17,,
555,exit,,104385.98,,2025-01-25 04:00:00,,-1718.752755668636,stop_loss
556,entry,short,102620.0,0.5094863718007769,2025-01-26 20:00:00,105260.36,,
557,exit,,102082.83,,2025-01-27 20:00:00,,273.68079434022246,tp_ema10
558,entry,short,101335.52,0.7628431309043129,2025-01-28 20:00:00,103108.0,,
559,exit,,102755.82,,2025-01-29 04:00:00,,-1083.4660988233977,tp_ema10
560,entry,long,105196.0,0.5690811198345893,2025-01-30 00:00:00,102868.0,,
561,exit,,104344.46,,2025-01-31 00:00:00,,-484.5953367839425,tp_ema10
562,entry,long,105464.01,0.7161128339061583,2025-01-31 12:00:00,103936.54,,
563,exit,,102312.32,,2025-01-31 16:00:00,,-2256.965657493691,stop_loss
564,entry,short,100635.65,0.6295009393982374,2025-02-01 20:00:00,102297.99,,
565,exit,,98842.0,,2025-02-03 12:00:00,,1129.1043599516447,tp_ema10
566,entry,short,97763.13,0.354967421772012,2025-02-04 20:00:00,100777.93,,
567,exit,,98195.61,,2025-02-06 04:00:00,,-153.5163105679583,tp_ema10
568,entry,short,95983.0,0.3490024633348484,2025-02-06 16:00:00,99040.09,,
569,exit,,97444.04,,2025-02-07 00:00:00,,-509.9065590307447,tp_ema10
570,entry,short,96506.8,0.5135402469413807,2025-02-07 20:00:00,98563.55,,
571,exit,,97300.0,,2025-02-09 00:00:00,,-407.34012387390163,tp_ema10
572,entry,long,98268.97,1.229154408746789,2025-02-11 04:00:00,97416.62,,
573,exit,,97007.53,,2025-02-11 12:00:00,,-1550.5045373695523,stop_loss
574,entry,short,95040.82,0.3255568877576753,2025-02-11 16:00:00,98158.89,,
575,exit,,97205.06,,2025-02-12 16:00:00,,-704.5832387606681,tp_ema10
576,entry,long,97940.45,0.5927323625419102,2025-02-14 16:00:00,96252.82,,
577,exit,,97248.98,,2025-02-16 04:00:00,,-409.85664672685533,tp_ema10
578,entry,short,96118.12,0.8517907747542012,2025-02-16 20:00:00,97282.38,,
579,exit,,96200.0,,2025-02-18 00:00:00,,-69.74462863687796,tp_ema10
580,entry,short,94104.14,0.37370839363943215,2025-02-18 16:00:00,96753.91,,
581,exit,,95671.74,,2025-02-18 20:00:00,,-585.825277869176,tp_ema10
582,entry,long,97055.25,0.981009519173725,2025-02-20 00:00:00,96058.38,,
583,exit,,95285.11,,2025-02-21 16:00:00,,-1736.524190270177,stop_loss
584,entry,short,96115.99,2.1299306623751315,2025-02-23 08:00:00,96558.01,,
585,exit,,96258.0,,2025-02-23 20:00:00,,-302.47145336388127,tp_ema10
586,entry,short,94323.95,0.5045893120996281,2025-02-24 12:00:00,96177.18,,
587,exit,,84005.05,,2025-02-28 12:00:00,,5206.806652624849,tp_ema10
588,entry,long,87427.99,0.4393317842539566,2025-03-02 12:00:00,85050.6,,
589,exit,,90035.37,,2025-03-03 12:00:00,,1145.504907628077,tp_ema10
590,entry,long,89814.26,0.3456367056325363,2025-03-05 08:00:00,86722.81,,
591,exit,,88526.18,,2025-03-06 16:00:00,,-445.20772779115794,tp_ema10
592,entry,short,85024.01,1.120004121898538,2025-03-09 08:00:00,86158.83,,
593,exit,,81720.34,,2025-03-11 08:00:00,,3700.1240173925407,tp_ema10
594,entry,short,81044.72,0.4777976950951217,2025-03-13 12:00:00,83900.0,,
595,exit,,82170.85,,2025-03-14 04:00:00,,-538.0623183774717,tp_ema10
596,entry,long,84724.58,0.5289054611777564,2025-03-14 12:00:00,82170.84,,
597,exit,,82410.02,,2025-03-16 08:00:00,,-1224.1834242235866,tp_ema10
598,entry,long,84482.55,0.5427276282917809,2025-03-17 16:00:00,82456.0,,
599,exit,,83147.6,,2025-03-18 00:00:00,,-724.5142473881114,tp_ema10
600,entry,short,81610.21,0.5888148113933422,2025-03-18 12:00:00,83452.3,,
601,exit,,83037.17,,2025-03-19 00:00:00,,-840.2151832658388,tp_ema10
602,entry,long,84733.05,0.6864816909567452,2025-03-19 12:00:00,83178.74,,
603,exit,,84691.76,,2025-03-20 12:00:00,,-28.3448290196096,tp_ema10
604,entry,short,83840.59,2.2244219262459217,2025-03-22 20:00:00,84320.0,,
605,exit,,84224.39,,2025-03-23 00:00:00,,-853.7331352931913,tp_ema10
606,entry,long,84679.99,1.7194708165708399,2025-03-23 08:00:00,84070.22,,
607,exit,,86520.88,,2025-03-25 00:00:00,,3165.3566315170924,tp_ema10
608,entry,long,87774.37,0.8150965063326279,2025-03-25 12:00:00,86406.49,,
609,exit,,87153.51,,2025-03-26 00:00:00,,-506.06081692167584,tp_ema10
610,entry,short,85212.99,0.4795833254846158,2025-03-28 04:00:00,87515.67,,
611,exit,,83418.78,,2025-03-31 12:00:00,,860.4731984177556,tp_ema10
612,entry,long,86757.67,0.44986928306639984,2025-04-02 12:00:00,84262.73,,
613,exit,,82516.29,,2025-04-02 20:00:00,,-1908.066579812169,stop_loss
614,entry,short,82039.31,0.618854762320535,2025-04-03 12:00:00,83788.23,,
615,exit,,83992.85,,2025-04-04 04:00:00,,-1208.957532383663,stop_loss
616,entry,short,82618.26,0.8280368546406962,2025-04-05 12:00:00,83894.7,,
617,exit,,83537.99,,2025-04-05 20:00:00,,-761.5703363186961,tp_ema10
618,entry,short,82548.36,1.6691462793837477,2025-04-06 12:00:00,83172.0,,
619,exit,,79163.24,,2025-04-07 20:00:00,,5650.260453267504,tp_ema10
620,entry,short,78497.99,0.6177920496925963,2025-04-08 12:00:00,80375.0,,
621,exit,,82332.08,,2025-04-09 16:00:00,,-2368.6703198058844,stop_loss
622,entry,long,81266.76,0.4831401015495419,2025-04-11 04:00:00,78969.58,,
623,exit,,83849.66,,2025-04-13 12:00:00,,1247.902568292316,tp_ema10
624,entry,long,85716.77,0.8299720429658894,2025-04-15 04:00:00,84347.97,,
625,exit,,84918.14,,2025-04-15 12:00:00,,-662.8405726738522,tp_ema10
626,entry,long,84846.58,0.6578839533476538,2025-04-16 12:00:00,83140.89,,
627,exit,,84030.38,,2025-04-16 20:00:00,,-536.9648827223531,tp_ema10
628,entry,long,84883.71,2.0512405233923605,2025-04-19 00:00:00,84342.15,,
629,exit,,84784.01,,2025-04-20 04:00:00,,-204.50868018224222,tp_ema10
630,entry,long,85179.24,1.220711677401616,2025-04-20 20:00:00,84272.74,,
631,exit,,92203.55,,2025-04-24 04:00:00,,8574.657242688943,tp_ema10
632,entry,long,93980.47,0.9792921091913287,2025-04-24 20:00:00,92666.62,,
633,exit,,94144.06,,2025-04-26 08:00:00,,160.20239614260603,tp_ema10
634,entry,long,94433.5,1.5525046791267876,2025-04-27 16:00:00,93602.58,,
635,exit,,93749.3,,2025-04-27 20:00:00,,-1062.2237014585435,tp_ema10
636,entry,long,94692.49,0.6698620277357706,2025-04-28 04:00:00,92800.01,,
637,exit,,93833.51,,2025-04-28 12:00:00,,-575.3980845844793,tp_ema10
638,entry,long,95300.79,1.6329195131910739,2025-04-29 16:00:00,94531.85,,
639,exit,,94256.82,,2025-04-29 20:00:00,,-1704.7189841860636,stop_loss
640,entry,long,96180.01,0.8322823849165377,2025-05-01 08:00:00,94714.38,,
641,exit,,96337.5,,2025-05-03 00:00:00,,131.07615280050987,tp_ema10
642,entry,short,94277.62,0.8258045681842281,2025-05-04 20:00:00,95758.08,,
643,exit,,94733.68,,2025-05-05 20:00:00,,-376.6164313660971,tp_ema10
644,entry,short,93812.54,1.4714788980281994,2025-05-06 08:00:00,94638.01,,
645,exit,,94558.95,,2025-05-06 12:00:00,,-1098.3265642772335,tp_ema10
646,entry,long,99152.79,0.38740155731728565,2025-05-08 00:00:00,96076.92,,
647,exit,,103762.9,,2025-05-12 08:00:00,,1785.963793403992,tp_ema10
648,entry,long,103729.2,0.5801372898496213,2025-05-13 08:00:00,101610.56,,
649,exit,,103587.44,,2025-05-14 00:00:00,,-82.24026220907928,tp_ema10
650,entry,short,101779.99,0.5882402384164145,2025-05-15 04:00:00,103866.51,,
651,exit,,103251.35,,2025-05-15 12:00:00,,-865.5131571963759,tp_ema10
652,entry,long,103919.39,1.4849554782751841,2025-05-18 04:00:00,103105.09,,
653,exit,,103605.88,,2025-05-19 00:00:00,,-465.5483919940452,tp_ema10
654,entry,long,105517.7,0.3536513588893582,2025-05-19 16:00:00,102126.16,,
